"","Respondent_ID_2016","year","qualifications","sex","age","birth_country","religion","social_class","living_status","annual_income","PCODE"
"1","1000407","2019","Undergraduate","Female",75,"Australia","No Religion","Middle","Major City","45,001-50,000","2607"
"2","1003423","2019","Undergraduate","Male",69,"NESB","No Religion","Middle","Major City","50,001-60,000","2617"
"3","1006956","2019","Non-Trade","Male",50,"Australia","Roman Catholic","Middle","Major City","90,001-100,000","2602"
"4","1008963","2019","Bachelor","Female",49,"Australia","No Religion","Middle","Major City","160,001-180,000","2602"
"5","1009513","2019","Trade","Male",84,"Australia","Presbyterian","Working","Major City","10,001-15,000","2609"
"6","1015480","2019","Non-Trade","Male",73,"Australia","No Religion","Middle","Major City",">180,000","2602"
"7","1017262","2019","No Qualification","Female",37,"Australia","No Religion","Middle","Major City","140,001-150,000","2904"
"8","1017790","2019","No Qualification","Female",71,"Australia","Anglican","None","Major City","90,001-100,000","2914"
"9","1017845","2019","Bachelor","Female",37,"Australia","No Religion","Middle","Major City","160,001-180,000","2617"
"10","1023339","2019","Trade","Male",45,"Australia","Roman Catholic","Middle","Major City","100,001-110,000","2614"
"11","1024979","2019","No Qualification","Female",32,"Australia","Christian Other","Upper","Major City",">180,000","2609"
"12","1027502","2019","Postgraduate","Female",48,"Australia","Anglican","Working","Major City","150,001-160,000","2604"
"13","1027706","2019","Bachelor","Female",31,"Australia","No Religion","Middle","Major City",">180,000","2617"
"14","1033013","2019","Associate Diploma","Female",62,"ESB","Non-Christian Other","None","Small Country Town","50,001-60,000","861"
"15","1057519","2019","Bachelor","Male",70,"Australia","No Religion","Middle","Major City","130,001-140,000","2226"
"16","1059165","2019","Postgraduate","Male",85,"Australia","Roman Catholic","Middle","Major City","40,001-45,000","2070"
"17","1066261","2019","Trade","Male",84,"Australia","Methodist","Working","Rural","<10,000","2747"
"18","1078767","2019","No Qualification","Female",65,"Australia","Roman Catholic","Working","Major City","30,001-35,000","2048"
"19","1079868","2019","Postgraduate","Female",73,"Australia","No Religion","Middle","Major City","30,001-35,000","2226"
"20","1081058","2019","Non-Trade","Female",79,"Australia","Roman Catholic","Working","Major City","35,001-40,000","2120"
"21","1082118","2019","Undergraduate","Female",61,"Australia","Anglican","Middle","Major City",">180,000","2283"
"22","1083397","2019","No Qualification","Male",72,"Australia","Roman Catholic","None","Rural","45,001-50,000","2210"
"23","1091480","2019","No Qualification","Male",57,"Australia","Anglican","Middle","Major City","70,001-80,000","2212"
"24","1091741","2019","No Qualification","Female",65,"Australia","Roman Catholic","Working","Large Town","100,001-110,000","2518"
"25","1092276","2019","Undergraduate","Female",60,"Australia","Anglican","Middle","Major City",">180,000","2135"
"26","1095056","2019","Associate Diploma","Male",76,"NESB","Roman Catholic","Middle","Major City","30,001-35,000","2761"
"27","1097096","2019","Non-Trade","Female",78,"Australia","Roman Catholic","Middle","Major City","40,001-45,000","2156"
"28","1097808","2019","Postgraduate","Female",67,"Australia","Roman Catholic","Middle","Small Country Town","80,001-90,000","2428"
"29","1102794","2019","Trade","Male",54,"Australia","Anglican","Middle","Large Town","<10,000","2529"
"30","1103514","2019","Bachelor","Male",72,"NESB","Orthodox","Working","Major City","30,001-35,000","2206"
"31","1104798","2019","Associate Diploma","Female",58,"Australia","No Religion","Middle","Major City","70,001-80,000","2193"
"32","1116861","2019","Associate Diploma","Male",52,"Australia","Roman Catholic","Working","Rural",">180,000","2847"
"33","1117068","2019","No Qualification","Female",64,"Australia","Christian","Middle","Major City","50,001-60,000","2148"
"34","1122863","2019","Trade","Female",67,"Australia","Other","Middle","Large Country Town","120,001-130,000","2541"
"35","1125108","2019","Trade","Male",59,"Australia","No Religion","Middle","Large Country Town","45,001-50,000","2641"
"36","1127625","2019","Associate Diploma","Male",65,"Australia","Anglican","Working","Major City","90,001-100,000","2153"
"37","1127634","2019","No Qualification","Female",62,"ESB","Anglican","Middle","Major City","45,001-50,000","2203"
"38","1130303","2019","Postgraduate","Male",79,"Australia","Baptist","Middle","Large Country Town","160,001-180,000","2430"
"39","1132308","2019","Bachelor","Female",59,"Australia","Roman Catholic","Working","Small Country Town","45,001-50,000","2464"
"40","1132313","2019","Trade","Male",76,"Australia","Anglican","Working","Major City","50,001-60,000","2210"
"41","1140155","2019","No Qualification","Female",65,"Australia","Roman Catholic","Working","Small Country Town","10,001-15,000","2334"
"42","1140622","2019","No Qualification","Female",50,"Australia","Roman Catholic","Working","Large Town","130,001-140,000","2650"
"43","1146530","2019","Trade","Male",57,"Australia","Christian","Working","Large Country Town","45,001-50,000","2280"
"44","1154658","2019","Postgraduate","Male",72,"Australia","Christian","Middle","Major City","60,001-70,000","2126"
"45","1157602","2019","Trade","Male",44,"Australia","Baptist","Working","Rural","30,001-35,000","2420"
"46","1164353","2019","Bachelor","Male",53,"Australia","Roman Catholic","Middle","Major City",">180,000","2280"
"47","1165893","2019","Undergraduate","Male",59,"Australia","Roman Catholic","None","Major City","100,001-110,000","2036"
"48","1175588","2019","Bachelor","Female",67,"NESB","Roman Catholic","Working","Major City","90,001-100,000","2042"
"49","1179941","2019","Postgraduate","Female",73,"Australia","Anglican","Middle","Small Country Town","20,001-25,000","2548"
"50","1190841","2019","Associate Diploma","Male",63,"Australia","Roman Catholic","Middle","Major City","100,001-110,000","2154"
"51","1192099","2019","Postgraduate","Male",56,"NESB","Roman Catholic","Working","Major City","150,001-160,000","2200"
"52","1199145","2019","Bachelor","Other",50,"Australia","Roman Catholic","Middle","Major City",">180,000","2101"
"53","1199293","2019","Bachelor","Male",63,"Australia","No Religion","Middle","Major City",">180,000","2085"
"54","1202010","2019","Associate Diploma","Male",78,"Australia","Roman Catholic","Middle","Major City","15,001-20,000","4818"
"55","1202142","2019","Non-Trade","Male",74,"NESB","Methodist","Working","Rural","45,001-50,000","2469"
"56","1220558","2019","No Qualification","Male",62,"NESB","No Religion","Middle","Major City","50,001-60,000","2063"
"57","1230452","2019","Postgraduate","Male",58,"NESB","No Religion","Working","Major City","50,001-60,000","2077"
"58","1232714","2019","Non-Trade","Female",57,"Australia","Anglican","Working","Major City","70,001-80,000","2320"
"59","1234096","2019","No Qualification","Male",50,"NESB","Orthodox","Working","Large Town","100,001-110,000","2530"
"60","1239458","2019","Bachelor","Male",50,"Australia","Roman Catholic","Middle","Major City",">180,000","2007"
"61","1240935","2019","Postgraduate","Male",52,"Australia","Christian","Middle","Major City",">180,000","2121"
"62","1242126","2019","Postgraduate","Male",55,"ESB","No Religion","Middle","Major City","120,001-130,000","2203"
"63","1243597","2019","Bachelor","Male",41,"Australia","No Religion","Middle","Major City",">180,000","2010"
"64","1245751","2019","Associate Diploma","Female",48,"Australia","No Religion","Working","Large Town","35,001-40,000","2283"
"65","1267681","2019","Bachelor","Male",80,"ESB","No Religion","Middle","Major City","25,001-30,000","2516"
"66","1267732","2019","Postgraduate","Male",58,"Australia","Roman Catholic","Working","Large Town","60,001-70,000","2480"
"67","1275150","2019","Bachelor","Female",53,"Australia","No Religion","Working","Major City","100,001-110,000","2152"
"68","1276165","2019","Bachelor","Female",29,"Australia","Anglican","Middle","Large Town","110,001-120,000","2234"
"69","1287168","2019","No Qualification","Female",79,"Australia","Anglican","Working","Large Country Town","25,001-30,000","2527"
"70","1287968","2019","Non-Trade","Male",72,"Australia","Roman Catholic","Working","Major City","70,001-80,000","2170"
"71","1289448","2019","Bachelor","Female",45,"NESB","Orthodox","Middle","Major City","160,001-180,000","2217"
"72","1299617","2019","Bachelor","Female",42,"Australia","Roman Catholic","Middle","Major City","130,001-140,000","2223"
"73","1302095","2019","Trade","Male",70,"Australia","Roman Catholic","Working","Rural","30,001-35,000","2426"
"74","1308432","2019","Postgraduate","Male",76,"ESB","No Religion","None","Small Country Town","50,001-60,000","2317"
"75","1314862","2019","Bachelor","Male",66,"Australia","No Religion","Middle","Major City","90,001-100,000","2097"
"76","1317792","2019","Trade","Male",72,"Australia","No Religion","Middle","Rural","20,001-25,000","2540"
"77","1321638","2019","Postgraduate","Male",56,"ESB","No Religion","Middle","Major City",">180,000","2001"
"78","1323851","2019","Postgraduate","Female",65,"Australia","No Religion","Middle","Major City","25,001-30,000","2282"
"79","1346571","2019","Bachelor","Male",48,"Australia","No Religion","Middle","Major City",">180,000","2097"
"80","1347731","2019","Non-Trade","Male",63,"Australia","Baptist","Middle","Rural","20,001-25,000","2870"
"81","1349433","2019","Bachelor","Male",47,"Australia","Anglican","Middle","Rural","80,001-90,000","2680"
"82","1350392","2019","Postgraduate","Female",58,"Australia","Christian","Middle","Large Town","60,001-70,000","2304"
"83","1369316","2019","Non-Trade","Female",59,"Australia","Presbyterian","Working","Major City","40,001-45,000","2170"
"84","1373216","2019","Bachelor","Female",46,"Australia","Non-Christian Other","Middle","Small Country Town","<10,000","2540"
"85","1375254","2019","Trade","Male",68,"Australia","Anglican","Working","Large Town","45,001-50,000","2317"
"86","1377855","2019","No Qualification","Female",59,"Australia","Anglican","None","Small Country Town","20,001-25,000","2540"
"87","1382497","2019","Bachelor","Male",24,"Australia","No Religion","Middle","Major City","120,001-130,000","2170"
"88","1386485","2019","Postgraduate","Male",56,"Australia","No Religion","Middle","Small Country Town","160,001-180,000","2456"
"89","1388647","2019","Trade","Male",63,"Australia","No Religion","Middle","Major City","60,001-70,000","2101"
"90","1389700","2019","Postgraduate","Male",23,"Australia","No Religion","Middle","Major City","150,001-160,000","2118"
"91","1389851","2019","Bachelor","Male",68,"ESB","No Religion","Working","Small Country Town","30,001-35,000","2731"
"92","1406063","2019","Undergraduate","Female",71,"NESB","Roman Catholic","Middle","Large Country Town","30,001-35,000","2320"
"93","1411918","2019","Bachelor","Female",23,"ESB","Muslim","Working","Major City",">180,000","2173"
"94","1413841","2019","Bachelor","Female",30,"Australia","Roman Catholic","Working","Major City","160,001-180,000","2285"
"95","1416344","2019","Bachelor","Female",23,"Australia","No Religion","Working","Major City","50,001-60,000","2280"
"96","1422869","2019","Postgraduate","Male",85,"Australia","Christian","Middle","Major City","45,001-50,000","2112"
"97","1430618","2019","Non-Trade","Female",57,"Australia","Roman Catholic","Working","Major City","70,001-80,000","2168"
"98","1432791","2019","Bachelor","Male",39,"Australia","Christian","Middle","Major City",">180,000","2320"
"99","1435933","2019","No Qualification","Male",21,"Australia","No Religion","Middle","Large Town","15,001-20,000","2477"
"100","1435984","2019","Non-Trade","Female",40,"NESB","No Religion","Middle","Large Town","120,001-130,000","2444"
"101","1436532","2019","Bachelor","Female",35,"Australia","Roman Catholic","Middle","Large Town","120,001-130,000","2650"
"102","1437438","2019","Bachelor","Female",40,"Australia","Anglican","Middle","Major City",">180,000","2147"
"103","1438038","2019","Associate Diploma","Male",73,"Australia","No Religion","Middle","Large Country Town","30,001-35,000","2594"
"104","1440482","2019","Associate Diploma","Male",68,"Australia","Roman Catholic","Middle","Large Town","80,001-90,000","2040"
"105","1448762","2019","Bachelor","Male",36,"Australia","No Religion","Middle","Major City","160,001-180,000","2298"
"106","1451403","2019","Bachelor","Female",36,"Australia","No Religion","Middle","Large Country Town",">180,000","2830"
"107","1460002","2019","Postgraduate","Male",76,"ESB","Non-Christian Other","Middle","Large Town","80,001-90,000","2756"
"108","1465568","2019","Associate Diploma","Female",55,"NESB","No Religion","Working","Major City","60,001-70,000","2096"
"109","1465612","2019","Undergraduate","Male",30,"Australia","Jewish","Middle","Major City","140,001-150,000","2017"
"110","1473954","2019","Associate Diploma","Male",53,"Australia","No Religion","Working","Large Town","160,001-180,000","2529"
"111","1475630","2019","No Qualification","Male",58,"Australia","No Religion","Middle","Rural","150,001-160,000","2450"
"112","1476566","2019","Undergraduate","Female",64,"Australia","Roman Catholic","Middle","Small Country Town","90,001-100,000","2380"
"113","1480341","2019","No Qualification","Female",65,"Australia","Roman Catholic","Working","Large Town","30,001-35,000","2650"
"114","1483389","2019","Postgraduate","Female",71,"Australia","No Religion","Middle","Small Country Town","20,001-25,000","2646"
"115","1486907","2019","No Qualification","Male",27,"Australia","No Religion","Working","Large Town","35,001-40,000","2650"
"116","1490242","2019","Postgraduate","Male",31,"Australia","No Religion","Middle","Major City","20,001-25,000","2031"
"117","1490665","2019","Bachelor","Male",46,"Australia","Lutheran","Middle","Large Town",">180,000","2640"
"118","1505642","2019","No Qualification","Female",83,"Australia","Salvation Army","Working","Small Country Town","<10,000","2266"
"119","1509419","2019","Bachelor","Female",62,"Australia","No Religion","Middle","Rural","40,001-45,000","2550"
"120","1513630","2019","Postgraduate","Male",45,"Australia","No Religion","Middle","Small Country Town","120,001-130,000","2594"
"121","1530344","2019","Bachelor","Male",40,"Australia","No Religion","Middle","Major City",">180,000","2011"
"122","1532581","2019","Bachelor","Female",24,"Australia","No Religion","Middle","Major City","80,001-90,000","2630"
"123","1532741","2019","Associate Diploma","Male",42,"Australia","Roman Catholic","Middle","Large Town","80,001-90,000","2233"
"124","1533886","2019","Bachelor","Female",64,"Australia","Presbyterian","Working","Large Country Town","80,001-90,000","2400"
"125","1534099","2019","Postgraduate","Female",58,"Australia","No Religion","Upper","Major City","140,001-150,000","2094"
"126","1547366","2019","Bachelor","Female",56,"Australia","Anglican","Middle","Major City","160,001-180,000","2193"
"127","1552432","2019","Bachelor","Male",63,"ESB","Anglican","Middle","Major City",">180,000","2041"
"128","1565572","2019","Postgraduate","Female",45,"Australia","Roman Catholic","Middle","Major City","110,001-120,000","2042"
"129","1572867","2019","Trade","Female",64,"Australia","Roman Catholic","Working","Small Country Town","50,001-60,000","2502"
"130","1575638","2019","Bachelor","Male",41,"Australia","No Religion","Working","Major City","150,001-160,000","2260"
"131","1579964","2019","No Qualification","Female",22,"Australia","Roman Catholic","Middle","Major City","50,001-60,000","2212"
"132","1581698","2019","Bachelor","Male",68,"ESB","Christian","Middle","Small Country Town","90,001-100,000","2315"
"133","1593831","2019","Bachelor","Female",24,"Australia","No Religion","Working","Major City","40,001-45,000","2500"
"134","1613666","2019","Non-Trade","Female",67,"Australia","Roman Catholic","Working","Major City","25,001-30,000","4020"
"135","1618522","2019","Bachelor","Male",79,"Australia","Methodist","Middle","Large Town","25,001-30,000","4303"
"136","1622390","2019","Trade","Male",76,"Australia","Roman Catholic","Middle","Major City","25,001-30,000","4061"
"137","1623864","2019","Postgraduate","Female",64,"Australia","Christian","Middle","Major City","60,001-70,000","4122"
"138","1627715","2019","Postgraduate","Male",71,"Australia","Roman Catholic","Middle","Major City","35,001-40,000","4075"
"139","1627988","2019","No Qualification","Female",70,"Australia","Anglican","None","Major City","10,001-15,000","4133"
"140","1632643","2019","No Qualification","Male",75,"Australia","No Religion","Middle","Rural","<10,000","4520"
"141","1632700","2019","Non-Trade","Female",60,"Australia","Methodist","Working","Major City","60,001-70,000","4223"
"142","1633640","2019","Postgraduate","Female",65,"ESB","No Religion","Middle","Major City",">180,000","4165"
"143","1633933","2019","Postgraduate","Female",55,"Australia","Lutheran","Middle","Rural","140,001-150,000","4352"
"144","1635647","2019","Trade","Male",60,"Australia","No Religion","Middle","Major City","160,001-180,000","4074"
"145","1638582","2019","No Qualification","Female",78,"ESB","Anglican","Working","Large Country Town","30,001-35,000","4122"
"146","1640365","2019","Trade","Male",65,"Australia","Anglican","Working","Major City","50,001-60,000","4305"
"147","1654531","2019","Postgraduate","Female",54,"Australia","Roman Catholic","Middle","Rural",">180,000","4183"
"148","1656807","2019","Bachelor","Male",68,"Australia","Methodist","Middle","Major City","50,001-60,000","4152"
"149","1658137","2019","Non-Trade","Male",65,"Australia","No Religion","Working","Rural","80,001-90,000","4417"
"150","1659419","2019","Bachelor","Male",66,"Australia","No Religion","Middle","Major City",">180,000","4350"
"151","1660932","2019","Non-Trade","Male",50,"NESB","No Religion","Working","Major City","60,001-70,000","4077"
"152","1661160","2019","Trade","Male",71,"Australia","No Religion","Working","Major City","30,001-35,000","4500"
"153","1681035","2019","Postgraduate","Male",71,"Australia","Anglican","Middle","Large Country Town","90,001-100,000","4740"
"154","1686678","2019","Associate Diploma","Female",47,"Australia","Anglican","Working","Major City","80,001-90,000","4213"
"155","1687027","2019","Undergraduate","Male",71,"Australia","No Religion","Middle","Major City",">180,000","4300"
"156","1689789","2019","Associate Diploma","Male",54,"Australia","Roman Catholic","Working","Major City","80,001-90,000","4152"
"157","1689995","2019","Non-Trade","Female",60,"Australia","Non-Christian Other","Middle","Small Country Town","90,001-100,000","4805"
"158","1691928","2019","Associate Diploma","Female",69,"Australia","Christian","Middle","Large Town","20,001-25,000","4020"
"159","1697458","2019","Non-Trade","Female",83,"Australia","Buddhist","Working","Rural","<10,000","4552"
"160","1701620","2019","Associate Diploma","Female",52,"ESB","Anglican","Middle","Major City",">180,000","4151"
"161","1704046","2019","Associate Diploma","Male",73,"Australia","Roman Catholic","Middle","Major City","100,001-110,000","4819"
"162","1706073","2019","Postgraduate","Male",70,"ESB","Roman Catholic","Middle","Major City","25,001-30,000","4870"
"163","1729126","2019","Bachelor","Male",67,"Australia","Anglican","Middle","Major City","130,001-140,000","4217"
"164","1735779","2019","Postgraduate","Female",42,"ESB","No Religion","Middle","Major City",">180,000","4020"
"165","1740267","2019","Associate Diploma","Female",54,"Australia","Roman Catholic","Middle","Major City",">180,000","4113"
"166","1742302","2019","Associate Diploma","Female",48,"Australia","No Religion","Working","Large Town","60,001-70,000","4570"
"167","1747499","2019","Associate Diploma","Female",46,"Australia","Anglican","Working","Large Town","100,001-110,000","4817"
"168","1748747","2019","No Qualification","Female",75,"Australia","Anglican","Middle","Major City","90,001-100,000","4169"
"169","1749109","2019","Associate Diploma","Male",68,"Australia","Roman Catholic","Middle","Small Country Town","100,001-110,000","4880"
"170","1750440","2019","Postgraduate","Female",66,"Australia","Anglican","Middle","Major City","15,001-20,000","4060"
"171","1752133","2019","Bachelor","Male",66,"ESB","No Religion","Middle","Major City","100,001-110,000","4810"
"172","1758553","2019","Bachelor","Female",62,"Australia","No Religion","Middle","Large Town","35,001-40,000","4655"
"173","1759978","2019","No Qualification","Female",70,"Australia","No Religion","Working","Rural","30,001-35,000","4621"
"174","1760029","2019","No Qualification","Female",70,"Australia","Anglican","None","Major City","50,001-60,000","4208"
"175","1775487","2019","Associate Diploma","Female",38,"Australia","Anglican","Middle","Major City",">180,000","4350"
"176","1777048","2019","Non-Trade","Female",68,"Australia","Pentecostalism","Middle","Major City","60,001-70,000","4152"
"177","1797045","2019","Associate Diploma","Female",52,"Australia","No Religion","Middle","Major City",">180,000","4054"
"178","1799144","2019","No Qualification","Male",72,"Australia","Roman Catholic","None","Small Country Town","10,001-15,000","4580"
"179","1803289","2019","Trade","Male",82,"ESB","Anglican","Working","Major City","40,001-45,000","4216"
"180","1806096","2019","No Qualification","Male",87,"Australia","Anglican","Working","Major City","10,001-15,000","4165"
"181","1811836","2019","Bachelor","Male",55,"Australia","Methodist","Middle","Major City","35,001-40,000","4814"
"182","1816877","2019","Bachelor","Male",74,"ESB","No Religion","Middle","Small Country Town","40,001-45,000","4802"
"183","1823836","2019","Postgraduate","Male",39,"ESB","Non-Christian Other","Middle","Rural","50,001-60,000","4124"
"184","1828263","2019","No Qualification","Male",78,"ESB","No Religion","Middle","Major City","20,001-25,000","4215"
"185","1832974","2019","No Qualification","Female",70,"Australia","Christian","Middle","Major City","50,001-60,000","4558"
"186","1835571","2019","Non-Trade","Male",60,"Australia","Seventh Day Adventist","Working","Major City","70,001-80,000","4500"
"187","1838076","2019","Non-Trade","Female",68,"NESB","Anglican","Middle","Major City","80,001-90,000","4500"
"188","1838452","2019","Trade","Male",79,"Australia","Anglican","Middle","Small Country Town","80,001-90,000","4352"
"189","1842316","2019","Bachelor","Male",60,"Australia","Roman Catholic","Middle","Major City","50,001-60,000","4170"
"190","1848614","2019","No Qualification","Male",57,"Australia","Anglican","Working","Large Town",">180,000","4502"
"191","1852621","2019","Non-Trade","Male",71,"Australia","No Religion","Working","Rural","25,001-30,000","4615"
"192","1863881","2019","Postgraduate","Female",32,"Australia","No Religion","Middle","Major City","150,001-160,000","4124"
"193","1869543","2019","No Qualification","Female",73,"Australia","Pentecostalism","None","Large Town","25,001-30,000","4556"
"194","1875910","2019","Non-Trade","Female",33,"Australia","No Religion","Middle","Major City","130,001-140,000","4818"
"195","1883561","2019","Bachelor","Male",39,"Australia","No Religion","Middle","Major City","140,001-150,000","4053"
"196","1884092","2019","Bachelor","Female",22,"Australia","No Religion","Middle","Major City","45,001-50,000","4017"
"197","1892486","2019","Non-Trade","Female",35,"Australia","Non-Christian Other","Working","Rural","60,001-70,000","4723"
"198","1908132","2019","Bachelor","Male",35,"Australia","No Religion","Middle","Large Town","100,001-110,000","4352"
"199","1925038","2019","No Qualification","Female",72,"ESB","Jewish","Working","Major City","10,001-15,000","4215"
"200","1936381","2019","Non-Trade","Male",55,"Australia","Presbyterian","Working","Major City","70,001-80,000","4105"
"201","1936540","2019","Bachelor","Male",28,"Australia","No Religion","Middle","Major City","80,001-90,000","4030"
"202","1937649","2019","No Qualification","Female",69,"Australia","Anglican","Middle","Major City","45,001-50,000","4078"
"203","1940897","2019","No Qualification","Female",40,"Australia","No Religion","Working","Major City","110,001-120,000","4012"
"204","1947637","2019","Postgraduate","Female",35,"Australia","No Religion","Upper","Rural",">180,000","4169"
"205","1958758","2019","Postgraduate","Female",66,"ESB","Methodist","Middle","Major City","20,001-25,000","4305"
"206","1971029","2019","Non-Trade","Female",56,"Australia","No Religion","Middle","Major City","70,001-80,000","5020"
"207","1972940","2019","No Qualification","Female",59,"ESB","No Religion","Working","Large Town","50,001-60,000","5600"
"208","1974575","2019","Associate Diploma","Female",71,"Australia","No Religion","Middle","Major City","40,001-45,000","5051"
"209","1977759","2019","Bachelor","Male",67,"Australia","Anglican","Middle","Major City","80,001-90,000","5016"
"210","1979034","2019","No Qualification","Male",50,"Australia","Roman Catholic","Working","Major City","10,001-15,000","5073"
"211","1980007","2019","No Qualification","Male",84,"ESB","Anglican","Working","Major City","35,001-40,000","5034"
"212","1981075","2019","Bachelor","Female",61,"Australia","Anglican","Middle","Major City","50,001-60,000","5073"
"213","1981513","2019","Undergraduate","Female",52,"Australia","Lutheran","Middle","Major City","70,001-80,000","5162"
"214","1984008","2019","No Qualification","Male",65,"Australia","No Religion","None","Rural","20,001-25,000","5269"
"215","1988411","2019","Trade","Male",73,"Australia","No Religion","Working","Small Country Town","10,001-15,000","5242"
"216","1991598","2019","Trade","Female",61,"Australia","No Religion","Working","Major City","90,001-100,000","5112"
"217","2004371","2019","Bachelor","Female",70,"Australia","Pentecostalism","Middle","Major City","60,001-70,000","5159"
"218","2004856","2019","No Qualification","Male",70,"Australia","Methodist","Middle","Small Country Town",">180,000","5271"
"219","2006342","2019","Postgraduate","Male",45,"Australia","No Religion","Middle","Major City","90,001-100,000","5031"
"220","2018310","2019","Trade","Male",55,"Australia","Roman Catholic","Working","Rural","90,001-100,000","5353"
"221","2022156","2019","Bachelor","Male",35,"Australia","No Religion","Working","Major City","100,001-110,000","5016"
"222","2028780","2019","Bachelor","Female",36,"Australia","Christian","Middle","Major City",">180,000","5086"
"223","2035663","2019","Trade","Male",70,"Australia","Anglican","Middle","Large Country Town","10,001-15,000","5251"
"224","2038670","2019","No Qualification","Male",59,"Australia","No Religion","Middle","Small Country Town","110,001-120,000","5291"
"225","2043793","2019","Bachelor","Female",47,"Australia","No Religion","Working","Major City","90,001-100,000","5031"
"226","2048686","2019","Associate Diploma","Female",63,"Australia","Non-Christian Other","Working","Major City","40,001-45,000","5126"
"227","2051787","2019","Undergraduate","Male",42,"Australia","Roman Catholic","Middle","Major City",">180,000","5167"
"228","2053961","2019","Undergraduate","Male",54,"Australia","No Religion","Middle","Rural","20,001-25,000","5214"
"229","2061271","2019","Bachelor","Female",44,"Australia","No Religion","Middle","Major City","160,001-180,000","5008"
"230","2062273","2019","Postgraduate","Male",83,"Australia","No Religion","Middle","Rural","50,001-60,000","5118"
"231","2067263","2019","Postgraduate","Male",90,"NESB","Non-Christian Other","Middle","Major City","160,001-180,000","5065"
"232","2068598","2019","No Qualification","Male",52,"ESB","No Religion","Working","Major City","110,001-120,000","5108"
"233","2069868","2019","No Qualification","Female",45,"Australia","Roman Catholic","Working","Rural","50,001-60,000","5607"
"234","2073815","2019","Postgraduate","Female",28,"Australia","No Religion","Middle","Major City","160,001-180,000","5072"
"235","2075012","2019","Postgraduate","Female",41,"Australia","Roman Catholic","Middle","Major City",">180,000","5024"
"236","2078757","2019","Postgraduate","Female",39,"Australia","Methodist","Middle","Major City",">180,000","5067"
"237","2081271","2019","Associate Diploma","Male",70,"Australia","Methodist","Working","Major City","50,001-60,000","5169"
"238","2082569","2019","Trade","Female",56,"NESB","No Religion","Middle","Major City","70,001-80,000","5052"
"239","2083724","2019","Non-Trade","Other",23,"Australia","No Religion","None","Major City","50,001-60,000","5161"
"240","2086326","2019","Postgraduate","Female",42,"Australia","No Religion","Middle","Major City","160,001-180,000","5062"
"241","2093533","2019","Trade","Male",47,"ESB","Presbyterian","Middle","Major City",">180,000","5169"
"242","2093668","2019","No Qualification","Female",53,"NESB","Christian","None","Large Town","40,001-45,000","5115"
"243","2100221","2019","Non-Trade","Male",82,"Australia","No Religion","None","Small Country Town","15,001-20,000","7253"
"244","2100616","2019","Trade","Female",56,"Australia","Methodist","Working","Small Country Town","110,001-120,000","7170"
"245","2102964","2019","Trade","Male",58,"Australia","Anglican","Working","Small Country Town","160,001-180,000","7253"
"246","2108115","2019","Bachelor","Female",51,"Australia","Roman Catholic","Middle","Major City","80,001-90,000","7011"
"247","2109409","2019","Associate Diploma","Male",57,"Australia","Roman Catholic","Middle","Small Country Town","140,001-150,000","7140"
"248","2109553","2019","Postgraduate","Male",67,"Australia","No Religion","None","Rural","50,001-60,000","7253"
"249","2111006","2019","Bachelor","Male",65,"Australia","No Religion","Middle","Rural","110,001-120,000","7109"
"250","2111705","2019","Associate Diploma","Female",70,"Australia","Anglican","Middle","Major City","60,001-70,000","7015"
"251","2113887","2019","Trade","Female",28,"Australia","No Religion","Working","Rural","100,001-110,000","7140"
"252","2115262","2019","Associate Diploma","Female",73,"Australia","No Religion","Middle","Large Town","20,001-25,000","7249"
"253","2118348","2019","No Qualification","Male",23,"Australia","Christian","Middle","Major City","30,001-35,000","7008"
"254","2120841","2019","No Qualification","Male",23,"Australia","No Religion","Middle","Major City","130,001-140,000","7008"
"255","2123063","2019","Associate Diploma","Male",71,"NESB","Methodist","Middle","Large Town","60,001-70,000","7277"
"256","2132137","2019","No Qualification","Female",21,"Australia","Roman Catholic","Working","Large Country Town","45,001-50,000","7325"
"257","2133725","2019","No Qualification","Female",60,"Australia","Roman Catholic","Working","Rural","35,001-40,000","7190"
"258","2136632","2019","No Qualification","Female",43,"Australia","No Religion","Working","Major City","100,001-110,000","7030"
"259","2138555","2019","No Qualification","Male",83,"Australia","Anglican","Working","Major City","10,001-15,000","3033"
"260","2143481","2019","Bachelor","Male",71,"ESB","No Religion","Middle","Small Country Town","30,001-35,000","3016"
"261","2143754","2019","No Qualification","Male",80,"Australia","Anglican","Middle","Large Country Town","10,001-15,000","3850"
"262","2146822","2019","Trade","Female",72,"Australia","Methodist","Middle","Major City","60,001-70,000","3079"
"263","2152958","2019","Bachelor","Female",66,"Australia","Roman Catholic","Middle","Small Country Town","120,001-130,000","3758"
"264","2159384","2019","Postgraduate","Male",72,"Australia","No Religion","Middle","Major City","50,001-60,000","3139"
"265","2160080","2019","Postgraduate","Female",62,"Australia","Methodist","Middle","Major City","130,001-140,000","3094"
"266","2162197","2019","No Qualification","Female",75,"Australia","No Religion","None","Major City","10,001-15,000","3205"
"267","2166494","2019","Associate Diploma","Female",73,"Australia","No Religion","None","Major City","100,001-110,000","3192"
"268","2171536","2019","Bachelor","Male",73,"Australia","No Religion","Middle","Rural","50,001-60,000","3213"
"269","2178012","2019","Non-Trade","Female",67,"NESB","Baptist","Middle","Major City","110,001-120,000","3337"
"270","2180645","2019","Bachelor","Male",67,"Australia","Anglican","Middle","Large Town","60,001-70,000","3218"
"271","2187276","2019","No Qualification","Female",74,"Australia","Roman Catholic","Middle","Major City","45,001-50,000","3150"
"272","2194743","2019","Postgraduate","Male",72,"ESB","No Religion","Middle","Major City","80,001-90,000","3150"
"273","2195507","2019","Trade","Male",62,"Australia","No Religion","Middle","Major City","50,001-60,000","3195"
"274","2199507","2019","Associate Diploma","Male",61,"Australia","Presbyterian","Middle","Major City","110,001-120,000","3149"
"275","2203370","2019","Non-Trade","Male",63,"Australia","Anglican","Working","Major City","35,001-40,000","3136"
"276","2206845","2019","Postgraduate","Female",84,"NESB","Jewish","Middle","Major City","90,001-100,000","3161"
"277","2215507","2019","No Qualification","Male",39,"Australia","No Religion","Working","Large Town","110,001-120,000","3338"
"278","2216541","2019","Bachelor","Female",64,"Australia","No Religion","Middle","Major City","150,001-160,000","3134"
"279","2221502","2019","No Qualification","Female",59,"Australia","No Religion","Middle","Major City","80,001-90,000","3145"
"280","2231287","2019","Postgraduate","Female",57,"ESB","No Religion","Middle","Major City",">180,000","3104"
"281","2234659","2019","Associate Diploma","Female",62,"Australia","No Religion","Middle","Major City","35,001-40,000","3136"
"282","2235374","2019","No Qualification","Male",65,"ESB","Anglican","Middle","Major City","130,001-140,000","3178"
"283","2235500","2019","Trade","Female",74,"ESB","Jewish","Working","Major City","<10,000","3166"
"284","2235615","2019","Non-Trade","Female",63,"Australia","Anglican","Working","Small Country Town","10,001-15,000","3377"
"285","2238712","2019","Bachelor","Male",81,"Australia","No Religion","Middle","Small Country Town","60,001-70,000","3056"
"286","2240253","2019","Postgraduate","Female",72,"Australia","Methodist","Middle","Small Country Town","50,001-60,000","3450"
"287","2246039","2019","Postgraduate","Male",62,"NESB","Hindu","Middle","Major City","140,001-150,000","3106"
"288","2252579","2019","Non-Trade","Male",69,"Australia","Anglican","Middle","Major City","45,001-50,000","3224"
"289","2254537","2019","Bachelor","Male",34,"Australia","No Religion","Middle","Large Town","80,001-90,000","3136"
"290","2260466","2019","Trade","Male",63,"ESB","No Religion","Middle","Major City","90,001-100,000","3810"
"291","2266368","2019","Associate Diploma","Male",47,"Australia","No Religion","Working","Major City","90,001-100,000","3224"
"292","2277707","2019","Trade","Female",77,"Australia","Roman Catholic","Middle","Rural","25,001-30,000","3749"
"293","2279154","2019","Postgraduate","Male",73,"ESB","No Religion","Middle","Major City","70,001-80,000","3058"
"294","2285142","2019","Postgraduate","Female",56,"ESB","No Religion","Middle","Rural","80,001-90,000","3747"
"295","2289369","2019","Associate Diploma","Female",70,"Australia","Anglican","Working","Large Town","30,001-35,000","3690"
"296","2289406","2019","Associate Diploma","Male",65,"Australia","Methodist","Middle","Rural","150,001-160,000","3676"
"297","2292646","2019","Trade","Female",75,"Australia","Methodist","Working","Small Country Town","20,001-25,000","3635"
"298","2292975","2019","Non-Trade","Male",72,"NESB","Roman Catholic","Working","Large Town","10,001-15,000","3166"
"299","2298209","2019","Postgraduate","Female",45,"Australia","Anglican","Middle","Major City",">180,000","3070"
"300","2299632","2019","Postgraduate","Female",38,"Australia","No Religion","Middle","Major City","160,001-180,000","3025"
"301","2302549","2019","Bachelor","Male",66,"Australia","No Religion","Middle","Small Country Town","70,001-80,000","3685"
"302","2303281","2019","Postgraduate","Female",70,"Australia","No Religion","Working","Rural","80,001-90,000","3724"
"303","2307851","2019","No Qualification","Male",70,"ESB","No Religion","Working","Major City","20,001-25,000","3156"
"304","2317623","2019","Postgraduate","Female",71,"ESB","No Religion","Middle","Major City","140,001-150,000","8002"
"305","2322575","2019","Postgraduate","Male",48,"Australia","Roman Catholic","Middle","Major City","160,001-180,000","3095"
"306","2332470","2019","Trade","Female",66,"Australia","Presbyterian","Working","Major City","70,001-80,000","3046"
"307","2334292","2019","Postgraduate","Female",65,"Australia","No Religion","Middle","Major City","140,001-150,000","3126"
"308","2336581","2019","Non-Trade","Male",69,"Australia","Salvation Army","Working","Major City","50,001-60,000","3136"
"309","2336637","2019","Bachelor","Male",37,"Australia","No Religion","Middle","Major City","160,001-180,000","3141"
"310","2341990","2019","Bachelor","Female",71,"Australia","Roman Catholic","Middle","Major City","150,001-160,000","3218"
"311","2342953","2019","Postgraduate","Female",62,"ESB","Presbyterian","Middle","Small Country Town","150,001-160,000","3277"
"312","2343784","2019","Postgraduate","Male",56,"NESB","Roman Catholic","Middle","Major City","90,001-100,000","3182"
"313","2348436","2019","Associate Diploma","Female",58,"Australia","Methodist","Middle","Large Town","100,001-110,000","3357"
"314","2358456","2019","Associate Diploma","Male",44,"Australia","No Religion","Middle","Major City","160,001-180,000","3136"
"315","2366331","2019","Bachelor","Female",82,"Australia","Methodist","Middle","Major City","40,001-45,000","3350"
"316","2367559","2019","Postgraduate","Female",64,"Australia","No Religion","Middle","Rural","80,001-90,000","3222"
"317","2378896","2019","Bachelor","Male",46,"Australia","Orthodox","Middle","Major City","160,001-180,000","3145"
"318","2386309","2019","Associate Diploma","Female",41,"Australia","Anglican","Working","Major City","60,001-70,000","3977"
"319","2404114","2019","Postgraduate","Male",37,"Australia","No Religion","Working","Major City","140,001-150,000","3044"
"320","2404262","2019","No Qualification","Female",40,"Australia","Roman Catholic","Working","Major City","35,001-40,000","3180"
"321","2404634","2019","Associate Diploma","Female",27,"Australia","No Religion","Working","Large Country Town","20,001-25,000","3355"
"322","2409010","2019","Trade","Male",69,"Australia","Anglican","Middle","Major City","15,001-20,000","3555"
"323","2424107","2019","Postgraduate","Female",34,"NESB","Hindu","Middle","Major City","150,001-160,000","3003"
"324","2427163","2019","No Qualification","Male",72,"Australia","Christian Other","Working","Large Country Town","70,001-80,000","3875"
"325","2440432","2019","Bachelor","Female",46,"Australia","No Religion","Middle","Rural","80,001-90,000","3096"
"326","2446788","2019","Bachelor","Male",50,"Australia","Orthodox","Middle","Major City",">180,000","3802"
"327","2452295","2019","Bachelor","Male",35,"Australia","No Religion","Middle","Large Country Town",">180,000","3820"
"328","2460148","2019","Associate Diploma","Female",30,"Australia","No Religion","Middle","Large Town","40,001-45,000","3136"
"329","2461008","2019","Trade","Male",70,"Australia","No Religion","Middle","Small Country Town","25,001-30,000","3444"
"330","2464011","2019","Non-Trade","Male",73,"ESB","No Religion","Middle","Rural","70,001-80,000","3152"
"331","2471594","2019","No Qualification","Male",67,"Australia","Anglican","Middle","Major City","20,001-25,000","3356"
"332","2472723","2019","Trade","Male",49,"Australia","Roman Catholic","Working","Large Country Town","50,001-60,000","3222"
"333","2478117","2019","Bachelor","Male",31,"Australia","No Religion","Working","Major City","100,001-110,000","3073"
"334","2480735","2019","Trade","Female",43,"Australia","Roman Catholic","Middle","Large Town","10,001-15,000","3018"
"335","2481519","2019","Bachelor","Female",41,"Australia","Roman Catholic","Working","Major City","60,001-70,000","3175"
"336","2492820","2019","Postgraduate","Female",45,"Australia","No Religion","Middle","Major City","150,001-160,000","3166"
"337","2494924","2019","Non-Trade","Male",36,"Australia","Anglican","Middle","Large Country Town","130,001-140,000","3677"
"338","2503633","2019","No Qualification","Female",53,"Australia","Roman Catholic","Working","Major City","90,001-100,000","3073"
"339","2512048","2019","No Qualification","Male",63,"Australia","Presbyterian","Working","Major City","10,001-15,000","3215"
"340","2536604","2019","Non-Trade","Male",53,"Australia","No Religion","None","Large Country Town","10,001-15,000","3824"
"341","2538656","2019","Postgraduate","Male",34,"Australia","Anglican","Middle","Major City","150,001-160,000","3183"
"342","2545603","2019","Postgraduate","Female",31,"Australia","No Religion","Middle","Large Town","110,001-120,000","3213"
"343","2551595","2019","Non-Trade","Female",23,"Australia","No Religion","Working","Major City","10,001-15,000","3860"
"344","2567262","2019","Bachelor","Male",51,"Australia","Christian","Middle","Major City","90,001-100,000","3808"
"345","2567635","2019","Bachelor","Male",69,"Australia","Roman Catholic","Middle","Large Country Town","<10,000","3754"
"346","2575629","2019","Trade","Female",47,"Australia","Roman Catholic","Middle","Major City",">180,000","3977"
"347","2585496","2019","Bachelor","Male",38,"Australia","No Religion","Middle","Major City",">180,000","3088"
"348","2610999","2019","Associate Diploma","Male",74,"ESB","No Religion","Middle","Large Town","40,001-45,000","6169"
"349","2614062","2019","No Qualification","Male",64,"Australia","No Religion","Working","Major City","100,001-110,000","6111"
"350","2616619","2019","Trade","Male",66,"ESB","No Religion","Working","Rural","10,001-15,000","6566"
"351","2622181","2019","Associate Diploma","Male",59,"Australia","No Religion","Middle","Large Country Town","150,001-160,000","6450"
"352","2624042","2019","Associate Diploma","Male",75,"Australia","Christian Other","Working","Large Town","45,001-50,000","6210"
"353","2625069","2019","Postgraduate","Female",72,"ESB","Anglican","Middle","Major City","60,001-70,000","6164"
"354","2634818","2019","Bachelor","Male",63,"Australia","No Religion","Working","Major City","10,001-15,000","6062"
"355","2641864","2019","Postgraduate","Male",72,"ESB","Anglican","Middle","Major City","110,001-120,000","6066"
"356","2644751","2019","Bachelor","Female",66,"ESB","No Religion","Middle","Major City","110,001-120,000","6006"
"357","2651761","2019","No Qualification","Male",66,"Australia","Anglican","None","Rural",">180,000","6350"
"358","2654761","2019","Bachelor","Male",44,"ESB","No Religion","Middle","Major City","140,001-150,000","6024"
"359","2657049","2019","No Qualification","Male",62,"NESB","Orthodox","Working","Major City","20,001-25,000","6285"
"360","2663623","2019","Trade","Female",61,"ESB","No Religion","Middle","Rural","25,001-30,000","6324"
"361","2665290","2019","Bachelor","Male",44,"NESB","Presbyterian","Middle","Major City","120,001-130,000","6151"
"362","2666342","2019","Postgraduate","Male",68,"ESB","No Religion","Middle","Major City","100,001-110,000","6101"
"363","2670637","2019","Bachelor","Male",39,"Australia","Roman Catholic","Working","Major City","140,001-150,000","6065"
"364","2677596","2019","No Qualification","Female",46,"ESB","Presbyterian","Working","Major City","110,001-120,000","6069"
"365","2687755","2019","Bachelor","Male",29,"ESB","No Religion","Middle","Major City","60,001-70,000","6148"
"366","2687916","2019","Postgraduate","Male",68,"NESB","Presbyterian","Middle","Major City","100,001-110,000","6148"
"367","2692498","2019","Associate Diploma","Female",65,"Australia","Roman Catholic","Middle","Large Country Town","15,001-20,000","6211"
"368","2693462","2019","Postgraduate","Female",54,"Australia","Anglican","Middle","Major City","140,001-150,000","6162"
"369","2696376","2019","Bachelor","Male",60,"Australia","No Religion","Middle","Major City",">180,000","6020"
"370","2717672","2019","Postgraduate","Female",35,"Australia","No Religion","Working","Large Town","80,001-90,000","6612"
"371","2729903","2019","No Qualification","Female",60,"Australia","Roman Catholic","Working","Major City","50,001-60,000","6164"
"372","2731716","2019","Non-Trade","Male",43,"Australia","Christian","Middle","Major City","140,001-150,000","6169"
"373","2733291","2019","Bachelor","Male",83,"ESB","Anglican","Middle","Large Town","20,001-25,000","6300"
"374","2741096","2019","Postgraduate","Male",65,"ESB","No Religion","Middle","Large Town","60,001-70,000","6330"
"375","2743110","2019","Bachelor","Male",38,"Australia","No Religion","Upper","Major City","120,001-130,000","6003"
"376","2759684","2019","Postgraduate","Female",21,"Australia","Roman Catholic","Working","Major City","30,001-35,000","6210"
"377","2764429","2019","Bachelor","Female",21,"Australia","No Religion","Working","Rural","15,001-20,000","6324"
"378","2765019","2019","Bachelor","Female",46,"Australia","Buddhist","Middle","Small Country Town","100,001-110,000","6084"
"379","2765150","2019","Postgraduate","Male",49,"Australia","Buddhist","None","Major City","10,001-15,000","6000"
"380","2780872","2019","Bachelor","Female",29,"Australia","No Religion","Middle","Major City","80,001-90,000","2615"
"381","2783795","2019","Associate Diploma","Female",45,"Australia","No Religion","Middle","Major City",">180,000","2614"
"382","2790270","2019","Non-Trade","Female",72,"Australia","Roman Catholic","Middle","Major City","50,001-60,000","2615"
"383","2793046","2019","Bachelor","Male",32,"Australia","Roman Catholic","Middle","Major City",">180,000","2604"
"384","2796509","2019","Bachelor","Male",60,"Australia","No Religion","Middle","Major City",">180,000","2913"
"385","2796526","2019","Postgraduate","Female",75,"ESB","No Religion","Middle","Major City","110,001-120,000","2600"
"386","2802496","2019","Postgraduate","Female",59,"NESB","Anglican","None","Major City",">180,000","2611"
"387","2804130","2019","Postgraduate","Female",46,"Australia","Anglican","Middle","Major City","160,001-180,000","2905"
"388","2805273","2019","Non-Trade","Female",49,"Australia","Roman Catholic","Working","Major City","110,001-120,000","2605"
"389","2812589","2019","Bachelor","Female",34,"Australia","No Religion","Working","Major City","60,001-70,000","2602"
"390","2814893","2019","Bachelor","Female",35,"Australia","No Religion","Working","Major City","50,001-60,000","2604"
"391","2815127","2019","Postgraduate","Female",33,"Australia","Roman Catholic","Middle","Major City",">180,000","2612"
"392","2815736","2019","Postgraduate","Female",37,"Australia","No Religion","Middle","Major City",">180,000","2612"
"393","2818727","2019","No Qualification","Male",57,"Australia","No Religion","Middle","Major City",">180,000","2612"
"394","2820816","2019","Bachelor","Male",36,"Australia","Roman Catholic","Middle","Major City",">180,000","2914"
"395","2828488","2019","Bachelor","Male",63,"Australia","Methodist","Middle","Major City",">180,000","2100"
"396","2833765","2019","Postgraduate","Female",49,"Australia","No Religion","Middle","Major City",">180,000","2064"
"397","2840986","2019","Postgraduate","Female",70,"Australia","Anglican","Middle","Major City","130,001-140,000","2131"
"398","2849206","2019","No Qualification","Female",65,"Australia","Roman Catholic","Middle","Large Town","25,001-30,000","2197"
"399","2861839","2019","Bachelor","Female",55,"Australia","No Religion","Middle","Large Town","160,001-180,000","2280"
"400","2866919","2019","No Qualification","Male",67,"NESB","No Religion","Working","Major City","20,001-25,000","2192"
"401","2869570","2019","Associate Diploma","Male",61,"Australia","Anglican","Middle","Major City","130,001-140,000","2251"
"402","2877666","2019","Postgraduate","Male",68,"Australia","Anglican","Middle","Major City","90,001-100,000","2148"
"403","2888319","2019","Bachelor","Male",69,"Australia","Roman Catholic","Middle","Major City","120,001-130,000","2026"
"404","2893674","2019","Non-Trade","Male",87,"Australia","No Religion","Middle","Small Country Town","35,001-40,000","2576"
"405","2897736","2019","Trade","Male",68,"Australia","Roman Catholic","Working","Large Country Town","25,001-30,000","2880"
"406","2899872","2019","Bachelor","Male",24,"Australia","No Religion","Working","Small Country Town","<10,000","2483"
"407","2899974","2019","Bachelor","Female",70,"Australia","No Religion","Working","Major City","15,001-20,000","2516"
"408","2901049","2019","Postgraduate","Male",53,"Australia","Methodist","Middle","Major City","120,001-130,000","2024"
"409","2907736","2019","Postgraduate","Male",35,"Australia","No Religion","Middle","Major City","140,001-150,000","2062"
"410","2913432","2019","No Qualification","Male",49,"Australia","No Religion","Working","Large Town","120,001-130,000","2570"
"411","2916057","2019","Bachelor","Female",24,"NESB","No Religion","Working","Major City","100,001-110,000","2218"
"412","2916560","2019","Postgraduate","Male",47,"Australia","Roman Catholic","Middle","Major City",">180,000","2118"
"413","2929038","2019","Bachelor","Female",62,"Australia","Roman Catholic","Middle","Major City","100,001-110,000","2008"
"414","2929474","2019","Bachelor","Female",76,"Australia","Roman Catholic","Middle","Major City","25,001-30,000","2170"
"415","2931354","2019","Bachelor","Female",69,"Australia","Methodist","Middle","Major City","30,001-35,000","2126"
"416","2932606","2019","Non-Trade","Female",41,"Australia","No Religion","Middle","Small Country Town","120,001-130,000","2630"
"417","2956651","2019","Bachelor","Female",48,"Australia","Buddhist","Working","Major City","100,001-110,000","2767"
"418","2961680","2019","Postgraduate","Female",48,"Australia","No Religion","Middle","Major City","80,001-90,000","2558"
"419","2970784","2019","Bachelor","Male",52,"Australia","Roman Catholic","Upper","Major City",">180,000","2101"
"420","2982605","2019","Non-Trade","Female",70,"Australia","Anglican","Working","Large Town","80,001-90,000","2250"
"421","2985739","2019","Bachelor","Male",59,"Australia","No Religion","Middle","Major City","160,001-180,000","2257"
"422","2986196","2019","Non-Trade","Female",71,"Australia","No Religion","None","Major City","25,001-30,000","2759"
"423","2995901","2019","No Qualification","Female",25,"Australia","No Religion","Working","Large Town","50,001-60,000","2087"
"424","2996607","2019","Bachelor","Female",64,"Australia","No Religion","Middle","Small Country Town","100,001-110,000","2428"
"425","3000520","2019","No Qualification","Female",66,"Australia","Anglican","Working","Major City","40,001-45,000","2111"
"426","3005734","2019","Trade","Male",68,"ESB","Roman Catholic","Middle","Small Country Town","25,001-30,000","2745"
"427","3013248","2019","Bachelor","Female",28,"Australia","Orthodox","Middle","Major City","110,001-120,000","2768"
"428","3019455","2019","Undergraduate","Male",66,"Australia","Methodist","Middle","Major City","20,001-25,000","2072"
"429","3019653","2019","Postgraduate","Female",62,"Australia","Roman Catholic","Middle","Large Town",">180,000","2460"
"430","3028798","2019","No Qualification","Female",73,"Australia","Roman Catholic","Middle","Small Country Town","25,001-30,000","2722"
"431","3036039","2019","Postgraduate","Female",65,"Australia","Anglican","Middle","Major City","15,001-20,000","2303"
"432","3036345","2019","Associate Diploma","Female",52,"Australia","Methodist","Middle","Major City","110,001-120,000","2170"
"433","3036482","2019","Postgraduate","Male",64,"ESB","No Religion","Working","Major City","90,001-100,000","2220"
"434","3044852","2019","Undergraduate","Male",33,"NESB","Hindu","Working","Large Town","90,001-100,000","2220"
"435","3046036","2019","Undergraduate","Female",36,"Australia","Methodist","Working","Major City","120,001-130,000","2530"
"436","3049937","2019","Postgraduate","Male",63,"Australia","Roman Catholic","Middle","Major City","120,001-130,000","2220"
"437","3056783","2019","Postgraduate","Female",67,"Australia","Presbyterian","Working","Large Country Town","150,001-160,000","2460"
"438","3059352","2019","Trade","Male",53,"Australia","No Religion","Working","Rural","30,001-35,000","2480"
"439","3068131","2019","Postgraduate","Male",68,"Australia","No Religion","Middle","Small Country Town","50,001-60,000","2484"
"440","3077378","2019","Postgraduate","Male",62,"Australia","No Religion","Middle","Major City","45,001-50,000","2256"
"441","3080898","2019","Bachelor","Male",62,"Australia","Anglican","Middle","Rural","35,001-40,000","2445"
"442","3081039","2019","Associate Diploma","Male",67,"Australia","No Religion","Middle","Major City","110,001-120,000","2299"
"443","3086511","2019","No Qualification","Male",74,"Australia","Roman Catholic","Middle","Large Town","30,001-35,000","2641"
"444","3087233","2019","Bachelor","Male",41,"Australia","Roman Catholic","Middle","Small Country Town","140,001-150,000","2705"
"445","3089742","2019","Non-Trade","Male",73,"Australia","Anglican","Working","Major City","70,001-80,000","2750"
"446","3093020","2019","Bachelor","Female",39,"NESB","Baptist","Working","Major City","80,001-90,000","2141"
"447","3105557","2019","Bachelor","Female",42,"Australia","No Religion","Working","Major City","25,001-30,000","2148"
"448","3114314","2019","Trade","Male",72,"ESB","Anglican","Middle","Small Country Town","100,001-110,000","2548"
"449","3116016","2019","Postgraduate","Male",53,"Australia","Anglican","Middle","Major City","100,001-110,000","2228"
"450","3119601","2019","Associate Diploma","Female",59,"Australia","No Religion","Working","Major City","120,001-130,000","2566"
"451","3124377","2019","Bachelor","Female",54,"Australia","Orthodox","None","Major City","50,001-60,000","2223"
"452","3125637","2019","No Qualification","Female",43,"Australia","No Religion","None","Major City","15,001-20,000","2537"
"453","3146370","2019","Postgraduate","Female",45,"Australia","Presbyterian","Middle","Major City",">180,000","2305"
"454","3149340","2019","Bachelor","Female",64,"ESB","No Religion","Middle","Large Town","25,001-30,000","2640"
"455","3150998","2019","Non-Trade","Female",56,"NESB","Buddhist","Middle","Major City","150,001-160,000","2101"
"456","3153659","2019","Postgraduate","Female",66,"Australia","Methodist","Middle","Major City","50,001-60,000","2121"
"457","3163029","2019","Non-Trade","Male",73,"ESB","No Religion","Working","Rural","60,001-70,000","2570"
"458","3177296","2019","Non-Trade","Male",63,"Australia","Christian Other","None","Large Town","30,001-35,000","2444"
"459","3189810","2019","Trade","Female",65,"Australia","Anglican","Middle","Small Country Town","60,001-70,000","2343"
"460","3193161","2019","Postgraduate","Male",48,"NESB","No Religion","Middle","Major City","110,001-120,000","2039"
"461","3195510","2019","No Qualification","Female",72,"ESB","No Religion","Middle","Major City","35,001-40,000","2029"
"462","3202122","2019","Trade","Male",60,"Australia","No Religion","Working","Large Town","70,001-80,000","2560"
"463","3203911","2019","No Qualification","Female",82,"NESB","Roman Catholic","Working","Large Town","25,001-30,000","2112"
"464","3227101","2019","Postgraduate","Male",58,"Australia","Non-Christian Other","Working","Major City","90,001-100,000","2044"
"465","3247062","2019","Associate Diploma","Female",65,"ESB","No Religion","Working","Major City","45,001-50,000","2163"
"466","3261427","2019","No Qualification","Male",71,"Australia","Anglican","Middle","Major City","60,001-70,000","2076"
"467","3268867","2019","Trade","Male",73,"Australia","Anglican","Working","Large Country Town","25,001-30,000","2440"
"468","3271710","2019","No Qualification","Male",71,"Australia","Anglican","Middle","Major City","80,001-90,000","2519"
"469","3273010","2019","Bachelor","Male",36,"Australia","Baptist","Middle","Major City","120,001-130,000","2306"
"470","3287411","2019","Non-Trade","Female",59,"Australia","No Religion","None","Small Country Town","30,001-35,000","2582"
"471","3290244","2019","Postgraduate","Male",63,"NESB","Jewish","Middle","Major City","20,001-25,000","1355"
"472","3294273","2019","Postgraduate","Male",61,"NESB","No Religion","Upper","Major City",">180,000","2088"
"473","3299593","2019","Trade","Female",51,"Australia","No Religion","Middle","Major City","140,001-150,000","2049"
"474","3320837","2019","Postgraduate","Female",72,"Australia","No Religion","Middle","Major City","110,001-120,000","2065"
"475","3324144","2019","Associate Diploma","Male",77,"Australia","Presbyterian","Middle","Major City","70,001-80,000","2086"
"476","3335231","2019","Postgraduate","Female",75,"ESB","Anglican","Middle","Large Country Town","50,001-60,000","2350"
"477","3340263","2019","Bachelor","Male",64,"Australia","Roman Catholic","Middle","Large Town","120,001-130,000","2800"
"478","3340477","2019","Postgraduate","Female",35,"Australia","No Religion","Middle","Major City","100,001-110,000","2285"
"479","3348167","2019","Postgraduate","Male",26,"Australia","No Religion","Middle","Major City","80,001-90,000","2007"
"480","3352376","2019","Postgraduate","Female",26,"Australia","No Religion","Middle","Major City","120,001-130,000","2011"
"481","3368590","2019","Postgraduate","Female",30,"Australia","No Religion","Middle","Major City","90,001-100,000","2067"
"482","3421668","2019","Trade","Male",47,"Australia","No Religion","Working","Large Town","70,001-80,000","2527"
"483","3423543","2019","No Qualification","Female",79,"Australia","Roman Catholic","Middle","Large Country Town","10,001-15,000","2582"
"484","3429979","2019","Postgraduate","Female",71,"Australia","Anglican","Middle","Large Town","60,001-70,000","2753"
"485","3445586","2019","Postgraduate","Male",49,"NESB","Buddhist","Middle","Major City","80,001-90,000","2154"
"486","3446932","2019","Bachelor","Female",72,"ESB","Roman Catholic","Middle","Major City","60,001-70,000","2037"
"487","3448427","2019","Non-Trade","Female",50,"Australia","Presbyterian","None","Large Town","40,001-45,000","2146"
"488","3491283","2019","Non-Trade","Female",56,"Australia","Anglican","Working","Large Town","120,001-130,000","2541"
"489","3503189","2019","Trade","Male",71,"Australia","Anglican","Middle","Rural","10,001-15,000","2800"
"490","3506670","2019","Associate Diploma","Male",46,"Australia","Non-Christian Other","Middle","Small Country Town","50,001-60,000","2754"
"491","3513407","2019","No Qualification","Male",76,"Australia","Anglican","Middle","Major City","150,001-160,000","2075"
"492","3533271","2019","Postgraduate","Male",58,"Australia","Roman Catholic","Middle","Rural",">180,000","2354"
"493","3533452","2019","Postgraduate","Male",74,"Australia","Anglican","Middle","Major City","90,001-100,000","2090"
"494","3546918","2019","Bachelor","Male",71,"Australia","No Religion","Middle","Rural","130,001-140,000","2478"
"495","3553117","2019","Bachelor","Female",64,"Australia","Methodist","Middle","Major City","70,001-80,000","2096"
"496","3559660","2019","Postgraduate","Male",59,"Australia","Roman Catholic","Middle","Major City",">180,000","2229"
"497","3571803","2019","No Qualification","Male",65,"Australia","Presbyterian","Working","Rural","60,001-70,000","2537"
"498","3573751","2019","Bachelor","Female",36,"Australia","No Religion","Middle","Rural",">180,000","2666"
"499","3577072","2019","Undergraduate","Female",67,"ESB","Anglican","None","Rural","70,001-80,000","2820"
"500","3586649","2019","No Qualification","Male",50,"Australia","No Religion","Working","Small Country Town","45,001-50,000","2821"
"501","3601889","2019","Non-Trade","Male",72,"NESB","Roman Catholic","Working","Major City","30,001-35,000","2141"
"502","3604397","2019","Bachelor","Female",66,"Australia","Roman Catholic","Working","Major City","60,001-70,000","2250"
"503","3607890","2019","Postgraduate","Female",49,"Australia","No Religion","Middle","Major City","100,001-110,000","2048"
"504","3619807","2019","No Qualification","Female",60,"ESB","No Religion","Working","Small Country Town","90,001-100,000","2453"
"505","3633118","2019","Bachelor","Male",71,"Australia","No Religion","Middle","Rural","70,001-80,000","2783"
"506","3637510","2019","Associate Diploma","Female",61,"ESB","No Religion","Middle","Large Town","110,001-120,000","2780"
"507","3651451","2019","Associate Diploma","Female",67,"Australia","Anglican","Working","Major City","50,001-60,000","2200"
"508","3654618","2019","Non-Trade","Female",54,"Australia","Presbyterian","Working","Large Country Town","90,001-100,000","2320"
"509","3678579","2019","Postgraduate","Male",88,"ESB","Methodist","Middle","Major City","25,001-30,000","801"
"510","3694506","2019","No Qualification","Male",59,"ESB","No Religion","Middle","Large Town",">180,000","870"
"511","3696582","2019","No Qualification","Female",60,"Australia","No Religion","Working","Large Town","80,001-90,000","870"
"512","3703963","2019","Trade","Male",69,"Australia","Methodist","Middle","Major City","30,001-35,000","4110"
"513","3708799","2019","No Qualification","Male",71,"Australia","Anglican","Middle","Major City","50,001-60,000","4007"
"514","3711617","2019","Trade","Male",70,"NESB","Roman Catholic","Working","Small Country Town","20,001-25,000","4510"
"515","3716758","2019","Trade","Male",64,"Australia","No Religion","Working","Large Town","40,001-45,000","4680"
"516","3721185","2019","Bachelor","Male",44,"Australia","Presbyterian","Middle","Major City",">180,000","4556"
"517","3726347","2019","No Qualification","Male",68,"Australia","Roman Catholic","Middle","Major City","10,001-15,000","4116"
"518","3730600","2019","Postgraduate","Male",69,"ESB","No Religion","Middle","Major City","70,001-80,000","4157"
"519","3731962","2019","Associate Diploma","Female",32,"Australia","No Religion","None","Large Town","110,001-120,000","4157"
"520","3733397","2019","Bachelor","Male",72,"ESB","Anglican","Middle","Major City","50,001-60,000","4034"
"521","3743151","2019","No Qualification","Female",61,"ESB","Anglican","Middle","Major City","30,001-35,000","4207"
"522","3745382","2019","Bachelor","Female",56,"Australia","Methodist","Middle","Major City",">180,000","4078"
"523","3770944","2019","Bachelor","Male",74,"Australia","Roman Catholic","Working","Rural","100,001-110,000","4511"
"524","3772199","2019","Trade","Male",61,"Australia","No Religion","Working","Large Town","80,001-90,000","4740"
"525","3780610","2019","Trade","Female",66,"Australia","Presbyterian","Working","Major City","90,001-100,000","4123"
"526","3786635","2019","Trade","Male",57,"Australia","Orthodox","Working","Major City","90,001-100,000","4128"
"527","3797532","2019","Associate Diploma","Male",42,"Australia","Roman Catholic","Working","Large Town","160,001-180,000","4556"
"528","3798193","2019","No Qualification","Female",57,"Australia","Presbyterian","Middle","Small Country Town","150,001-160,000","4655"
"529","3806775","2019","Trade","Male",70,"Australia","Anglican","Middle","Major City",">180,000","4870"
"530","3813053","2019","No Qualification","Female",73,"ESB","No Religion","None","Large Country Town","30,001-35,000","4703"
"531","3818277","2019","No Qualification","Female",88,"Australia","Anglican","None","Major City","<10,000","4118"
"532","3819355","2019","Postgraduate","Female",64,"Australia","No Religion","Middle","Large Town","70,001-80,000","4551"
"533","3822370","2019","Associate Diploma","Male",73,"Australia","No Religion","Working","Rural","60,001-70,000","4183"
"534","3827033","2019","Postgraduate","Male",61,"Australia","Anglican","Middle","Major City","110,001-120,000","4070"
"535","3827681","2019","Bachelor","Female",24,"Australia","Roman Catholic","Middle","Major City","60,001-70,000","4285"
"536","3866947","2019","Bachelor","Female",53,"Australia","Roman Catholic","Middle","Major City","110,001-120,000","4053"
"537","3869914","2019","Bachelor","Male",63,"Australia","Methodist","Working","Rural","110,001-120,000","4560"
"538","3881684","2019","Associate Diploma","Male",69,"NESB","Orthodox","Middle","Major City","50,001-60,000","4074"
"539","3901410","2019","Postgraduate","Female",54,"Australia","Methodist","Working","Major City","50,001-60,000","4064"
"540","3910702","2019","No Qualification","Female",68,"Australia","No Religion","None","Major City","35,001-40,000","4122"
"541","3918917","2019","Postgraduate","Male",81,"NESB","Anglican","Middle","Major City","70,001-80,000","4350"
"542","3927146","2019","Bachelor","Male",51,"NESB","Methodist","Middle","Major City","80,001-90,000","4123"
"543","3929784","2019","Trade","Female",58,"NESB","No Religion","Middle","Major City","60,001-70,000","4113"
"544","3932787","2019","Postgraduate","Male",73,"ESB","No Religion","Middle","Major City","45,001-50,000","4075"
"545","3945600","2019","Non-Trade","Male",32,"Australia","Baptist","Working","Large Town","<10,000","4575"
"546","3964373","2019","Non-Trade","Female",69,"Australia","Roman Catholic","None","Small Country Town","10,001-15,000","4220"
"547","3965315","2019","No Qualification","Male",65,"Australia","Roman Catholic","None","Major City","15,001-20,000","4870"
"548","3973674","2019","Non-Trade","Male",65,"Australia","Anglican","Working","Small Country Town","160,001-180,000","4521"
"549","3975027","2019","Undergraduate","Female",57,"Australia","Roman Catholic","Middle","Major City",">180,000","4169"
"550","3975166","2019","Non-Trade","Female",52,"Australia","Anglican","Working","Large Town","25,001-30,000","4869"
"551","3979072","2019","Postgraduate","Female",75,"Australia","No Religion","Middle","Major City","60,001-70,000","4068"
"552","3981131","2019","No Qualification","Male",46,"ESB","No Religion","None","Rural","150,001-160,000","4554"
"553","3983994","2019","Associate Diploma","Male",64,"Australia","Presbyterian","Working","Major City","130,001-140,000","4074"
"554","3986961","2019","Bachelor","Male",67,"Australia","Methodist","Working","Rural","15,001-20,000","4610"
"555","4001969","2019","Undergraduate","Female",35,"Australia","Roman Catholic","Middle","Large Country Town","140,001-150,000","4570"
"556","4010108","2019","Bachelor","Male",42,"NESB","Christian","Working","Major City","80,001-90,000","4215"
"557","4017657","2019","Postgraduate","Female",41,"Australia","No Religion","Middle","Large Town","140,001-150,000","4670"
"558","4018377","2019","No Qualification","Female",68,"Australia","Methodist","Working","Major City","60,001-70,000","4034"
"559","4026095","2019","Bachelor","Female",72,"Australia","No Religion","Middle","Major City","30,001-35,000","4507"
"560","4049244","2019","Bachelor","Male",60,"Australia","Roman Catholic","Working","Major City","100,001-110,000","4053"
"561","4049483","2019","Postgraduate","Male",47,"NESB","Hindu","None","Major City","15,001-20,000","4066"
"562","4051141","2019","Postgraduate","Male",86,"Australia","Roman Catholic","Middle","Major City","45,001-50,000","4159"
"563","4056054","2019","Trade","Male",74,"ESB","No Religion","Working","Rural","25,001-30,000","4800"
"564","4064791","2019","Associate Diploma","Male",66,"Australia","Methodist","Middle","Major City","50,001-60,000","4227"
"565","4080525","2019","Non-Trade","Male",79,"Australia","Anglican","Working","Small Country Town","15,001-20,000","4580"
"566","4086136","2019","No Qualification","Male",59,"Australia","Roman Catholic","Working","Large Country Town","90,001-100,000","4558"
"567","4095443","2019","Bachelor","Female",83,"ESB","Anglican","Middle","Small Country Town","15,001-20,000","4575"
"568","4130623","2019","No Qualification","Female",62,"Australia","Anglican","Middle","Major City","35,001-40,000","4218"
"569","4137514","2019","Bachelor","Male",66,"Australia","Roman Catholic","Middle","Rural","80,001-90,000","4361"
"570","4146765","2019","Bachelor","Male",68,"Australia","Presbyterian","Working","Major City","60,001-70,000","4207"
"571","4148308","2019","Non-Trade","Male",62,"Australia","Lutheran","Middle","Rural","60,001-70,000","4519"
"572","4166894","2019","Postgraduate","Female",29,"Australia","Roman Catholic","Middle","Major City",">180,000","4870"
"573","4168954","2019","Associate Diploma","Female",68,"NESB","Jewish","Middle","Major City","30,001-35,000","4214"
"574","4186998","2019","Postgraduate","Male",65,"ESB","No Religion","Middle","Major City","60,001-70,000","4810"
"575","4198564","2019","Non-Trade","Male",33,"Australia","No Religion","Middle","Major City",">180,000","4120"
"576","4199813","2019","Postgraduate","Female",46,"ESB","No Religion","Middle","Major City",">180,000","4061"
"577","4209765","2019","Trade","Male",53,"Australia","No Religion","Working","Rural","30,001-35,000","4472"
"578","4221783","2019","Trade","Male",78,"NESB","Lutheran","Working","Major City","30,001-35,000","4207"
"579","4222459","2019","No Qualification","Male",72,"Australia","Baptist","Working","Rural","20,001-25,000","4306"
"580","4241778","2019","No Qualification","Male",62,"Australia","No Religion","Middle","Major City","70,001-80,000","5092"
"581","4247369","2019","Trade","Male",61,"Australia","Methodist","Working","Major City","50,001-60,000","5159"
"582","4255558","2019","Postgraduate","Male",64,"Australia","Anglican","Upper","Major City","150,001-160,000","5076"
"583","4265365","2019","Non-Trade","Female",54,"Australia","Methodist","Middle","Major City",">180,000","5045"
"584","4269174","2019","Associate Diploma","Female",66,"Australia","Methodist","Working","Major City","50,001-60,000","5162"
"585","4272096","2019","Postgraduate","Female",50,"Australia","Lutheran","Middle","Major City","120,001-130,000","5112"
"586","4273486","2019","Bachelor","Male",35,"Australia","No Religion","Middle","Major City","100,001-110,000","5085"
"587","4274455","2019","Postgraduate","Female",41,"ESB","Anglican","Middle","Major City","80,001-90,000","5042"
"588","4296690","2019","No Qualification","Female",76,"Australia","No Religion","Middle","Major City","40,001-45,000","5089"
"589","4300434","2019","Postgraduate","Male",53,"Australia","No Religion","Middle","Major City",">180,000","5089"
"590","4301746","2019","No Qualification","Female",38,"Australia","No Religion","Working","Major City","120,001-130,000","5108"
"591","4302693","2019","Undergraduate","Female",67,"Australia","Baptist","Middle","Major City","30,001-35,000","5093"
"592","4306240","2019","Non-Trade","Male",71,"Australia","Buddhist","Working","Major City","30,001-35,000","5162"
"593","4313243","2019","Trade","Male",72,"Australia","Roman Catholic","Middle","Major City","60,001-70,000","5022"
"594","4318717","2019","Postgraduate","Female",63,"Australia","No Religion","None","Major City","45,001-50,000","5067"
"595","4324444","2019","Postgraduate","Male",73,"ESB","No Religion","Middle","Major City","60,001-70,000","5062"
"596","4327447","2019","Undergraduate","Female",73,"NESB","No Religion","Middle","Major City","40,001-45,000","5069"
"597","4334888","2019","Trade","Male",88,"Australia","No Religion","Middle","Large Country Town","40,001-45,000","5211"
"598","4343550","2019","Bachelor","Female",51,"Australia","No Religion","Working","Large Town","50,001-60,000","5167"
"599","4345070","2019","Postgraduate","Male",62,"Australia","No Religion","Middle","Major City",">180,000","5041"
"600","4345636","2019","Postgraduate","Male",44,"Australia","Roman Catholic","Middle","Major City","120,001-130,000","5041"
"601","4345820","2019","Bachelor","Female",67,"NESB","No Religion","Working","Rural","30,001-35,000","5523"
"602","4354075","2019","Bachelor","Female",52,"ESB","No Religion","Middle","Major City","60,001-70,000","5014"
"603","4356892","2019","Trade","Male",80,"Australia","No Religion","Working","Major City","25,001-30,000","5012"
"604","4361188","2019","No Qualification","Male",59,"Australia","Methodist","Middle","Major City","45,001-50,000","5045"
"605","4391864","2019","Non-Trade","Male",72,"Australia","Roman Catholic","Middle","Rural","10,001-15,000","5245"
"606","4404065","2019","No Qualification","Male",70,"Australia","No Religion","Middle","Rural",">180,000","5460"
"607","4423783","2019","No Qualification","Female",60,"Australia","Anglican","Working","Major City","50,001-60,000","7248"
"608","4429589","2019","Trade","Male",54,"NESB","Roman Catholic","None","Major City","25,001-30,000","7011"
"609","4431520","2019","Bachelor","Female",62,"ESB","Anglican","Middle","Rural","70,001-80,000","7020"
"610","4439168","2019","Bachelor","Male",58,"Australia","No Religion","Upper","Major City",">180,000","7000"
"611","4449395","2019","Postgraduate","Male",64,"Australia","Roman Catholic","Middle","Major City","90,001-100,000","7008"
"612","4454946","2019","Trade","Female",58,"Australia","Methodist","Working","Large Town","50,001-60,000","7315"
"613","4455856","2019","Postgraduate","Female",62,"Australia","Anglican","Middle","Major City","80,001-90,000","7008"
"614","4458930","2019","Non-Trade","Female",41,"Australia","Anglican","Working","Small Country Town","80,001-90,000","7170"
"615","4464391","2019","Postgraduate","Female",34,"Australia","No Religion","Middle","Major City","90,001-100,000","7052"
"616","4489128","2019","Bachelor","Female",60,"Australia","No Religion","Middle","Major City","35,001-40,000","3078"
"617","4505064","2019","Postgraduate","Female",41,"Australia","No Religion","Middle","Major City",">180,000","3052"
"618","4527731","2019","Postgraduate","Male",39,"Australia","No Religion","Middle","Major City","130,001-140,000","3015"
"619","4567550","2019","Bachelor","Male",60,"Australia","Roman Catholic","Middle","Major City","130,001-140,000","3082"
"620","4572997","2019","No Qualification","Female",69,"Australia","Roman Catholic","Working","Major City","25,001-30,000","3075"
"621","4578162","2019","Bachelor","Female",54,"Australia","Methodist","Middle","Rural","150,001-160,000","3424"
"622","4580959","2019","Bachelor","Female",54,"Australia","Roman Catholic","Middle","Major City","80,001-90,000","3031"
"623","4582402","2019","Associate Diploma","Male",73,"Australia","No Religion","Middle","Large Town","70,001-80,000","3280"
"624","4592349","2019","Non-Trade","Female",49,"Australia","Methodist","Working","Rural","60,001-70,000","3525"
"625","4600295","2019","Postgraduate","Female",74,"Australia","No Religion","Middle","Major City","100,001-110,000","3068"
"626","4610478","2019","Bachelor","Male",46,"Australia","No Religion","Middle","Major City","140,001-150,000","3195"
"627","4615264","2019","No Qualification","Male",71,"Australia","No Religion","Middle","Major City","50,001-60,000","3172"
"628","4620990","2019","Associate Diploma","Female",77,"Australia","No Religion","Middle","Major City","35,001-40,000","3192"
"629","4631048","2019","Associate Diploma","Female",51,"NESB","Presbyterian","Working","Major City","70,001-80,000","3149"
"630","4631552","2019","Postgraduate","Female",45,"Australia","No Religion","Middle","Small Country Town","30,001-35,000","3444"
"631","4632088","2019","Trade","Male",59,"Australia","Roman Catholic","Working","Large Town","60,001-70,000","3690"
"632","4642269","2019","No Qualification","Female",87,"ESB","Anglican","Working","Large Country Town","10,001-15,000","3340"
"633","4642869","2019","Bachelor","Female",29,"Australia","No Religion","Middle","Large Town","110,001-120,000","3355"
"634","4644027","2019","Postgraduate","Male",60,"ESB","No Religion","None","Major City","45,001-50,000","3911"
"635","4647092","2019","Postgraduate","Male",65,"Australia","Methodist","Middle","Major City","120,001-130,000","3107"
"636","4650238","2019","No Qualification","Male",73,"Australia","Presbyterian","Working","Major City","35,001-40,000","3177"
"637","4652397","2019","Non-Trade","Male",79,"NESB","Orthodox","Working","Major City","25,001-30,000","3105"
"638","4655627","2019","Associate Diploma","Female",67,"ESB","No Religion","Working","Major City","60,001-70,000","3198"
"639","4659032","2019","Associate Diploma","Male",60,"Australia","Anglican","Middle","Major City","110,001-120,000","3152"
"640","4663299","2019","Postgraduate","Male",57,"Australia","No Religion","Middle","Major City","130,001-140,000","3930"
"641","4669811","2019","No Qualification","Female",87,"Australia","Anglican","Middle","Major City","25,001-30,000","3072"
"642","4699880","2019","Trade","Male",61,"Australia","No Religion","None","Major City","50,001-60,000","3127"
"643","4704498","2019","Postgraduate","Female",41,"Australia","Roman Catholic","Middle","Major City",">180,000","3088"
"644","4706817","2019","Bachelor","Female",23,"ESB","No Religion","Working","Large Town","70,001-80,000","3053"
"645","4709267","2019","Associate Diploma","Female",53,"Australia","Roman Catholic","Middle","Major City","70,001-80,000","3199"
"646","4712504","2019","No Qualification","Female",67,"NESB","Roman Catholic","Working","Major City","20,001-25,000","3337"
"647","4718016","2019","No Qualification","Female",54,"Australia","No Religion","Working","Major City","60,001-70,000","3810"
"648","4728630","2019","Postgraduate","Female",59,"Australia","Salvation Army","Middle","Major City","35,001-40,000","3046"
"649","4734085","2019","Trade","Male",71,"Australia","No Religion","Middle","Major City","100,001-110,000","3186"
"650","4735444","2019","Postgraduate","Male",70,"Australia","No Religion","Middle","Small Country Town","15,001-20,000","3465"
"651","4745485","2019","Postgraduate","Female",72,"NESB","Hindu","Middle","Major City","<10,000","3041"
"652","4748709","2019","Postgraduate","Male",25,"Australia","No Religion","None","Large Town","10,001-15,000","3140"
"653","4754329","2019","Postgraduate","Male",69,"ESB","No Religion","Middle","Rural","130,001-140,000","3137"
"654","4761931","2019","No Qualification","Male",66,"Australia","No Religion","None","Major City","15,001-20,000","3081"
"655","4764552","2019","No Qualification","Male",73,"Australia","Anglican","Upper","Major City",">180,000","3186"
"656","4765752","2019","Bachelor","Female",56,"Australia","No Religion","Middle","Major City","130,001-140,000","3016"
"657","4791312","2019","Postgraduate","Female",67,"Australia","Anglican","Middle","Rural","70,001-80,000","3658"
"658","4792821","2019","Postgraduate","Female",56,"Australia","No Religion","Middle","Major City",">180,000","3056"
"659","4800005","2019","Non-Trade","Male",73,"Australia","Anglican","Working","Major City","80,001-90,000","3040"
"660","4800485","2019","Bachelor","Female",39,"Australia","No Religion","Middle","Major City",">180,000","3113"
"661","4809390","2019","Postgraduate","Male",45,"NESB","Methodist","Working","Major City","90,001-100,000","3805"
"662","4829262","2019","Trade","Male",68,"NESB","Roman Catholic","Middle","Large Town","10,001-15,000","3677"
"663","4835017","2019","Postgraduate","Male",71,"NESB","Anglican","Middle","Major City","30,001-35,000","3076"
"664","4848133","2019","No Qualification","Male",66,"Australia","No Religion","Working","Major City","60,001-70,000","3153"
"665","4850183","2019","Bachelor","Female",23,"Australia","No Religion","Middle","Major City","150,001-160,000","3095"
"666","4862643","2019","Trade","Male",71,"Australia","Roman Catholic","Middle","Major City","35,001-40,000","3152"
"667","4867755","2019","Postgraduate","Male",44,"Australia","Anglican","Middle","Major City",">180,000","3166"
"668","4875917","2019","Bachelor","Female",66,"Australia","No Religion","Middle","Large Town","70,001-80,000","3564"
"669","4882172","2019","Associate Diploma","Female",71,"Australia","Anglican","Middle","Small Country Town","10,001-15,000","3616"
"670","4890902","2019","Trade","Male",61,"Australia","No Religion","Middle","Major City","70,001-80,000","3152"
"671","4892760","2019","Bachelor","Female",34,"Australia","Protestant","Middle","Major City",">180,000","3132"
"672","4910001","2019","Associate Diploma","Male",51,"Australia","No Religion","Working","Large Country Town","120,001-130,000","3429"
"673","4916206","2019","Bachelor","Male",67,"NESB","Jewish","None","Major City","50,001-60,000","3161"
"674","4923339","2019","Postgraduate","Female",76,"Australia","No Religion","Middle","Major City","80,001-90,000","3144"
"675","4924112","2019","Associate Diploma","Male",76,"Australia","Anglican","Middle","Major City","60,001-70,000","3145"
"676","4925689","2019","Bachelor","Male",27,"Australia","No Religion","Working","Major City","50,001-60,000","3079"
"677","4926855","2019","Bachelor","Female",46,"Australia","Roman Catholic","Working","Major City","110,001-120,000","3752"
"678","4932339","2019","Trade","Female",70,"Australia","Methodist","Working","Small Country Town","10,001-15,000","3888"
"679","4952539","2019","No Qualification","Male",62,"Australia","Lutheran","Middle","Rural","80,001-90,000","3691"
"680","4966153","2019","Trade","Male",67,"Australia","Roman Catholic","Middle","Major City","50,001-60,000","3219"
"681","4970360","2019","No Qualification","Female",70,"Australia","Roman Catholic","Middle","Major City","60,001-70,000","3056"
"682","4977700","2019","Trade","Male",68,"Australia","No Religion","Working","Small Country Town","50,001-60,000","3564"
"683","4986680","2019","Associate Diploma","Male",57,"ESB","No Religion","Working","Major City","110,001-120,000","3031"
"684","4990303","2019","Postgraduate","Female",32,"Australia","No Religion","Middle","Major City","120,001-130,000","3121"
"685","5008892","2019","Postgraduate","Female",74,"ESB","Baptist","Middle","Major City","20,001-25,000","3085"
"686","5019061","2019","Non-Trade","Female",56,"Australia","Christian","Working","Major City","25,001-30,000","3550"
"687","5030168","2019","No Qualification","Female",76,"ESB","Methodist","Middle","Small Country Town","25,001-30,000","3922"
"688","5033753","2019","Bachelor","Male",68,"Australia","No Religion","Middle","Major City",">180,000","3095"
"689","5034304","2019","Postgraduate","Male",50,"NESB","Roman Catholic","Middle","Major City","160,001-180,000","3976"
"690","5054221","2019","Postgraduate","Male",54,"NESB","Muslim","Working","Major City","80,001-90,000","3076"
"691","5061695","2019","Postgraduate","Female",65,"Australia","No Religion","Middle","Rural","70,001-80,000","3956"
"692","5090689","2019","Postgraduate","Male",41,"NESB","Roman Catholic","Middle","Major City",">180,000","3052"
"693","5092281","2019","Postgraduate","Female",77,"Australia","No Religion","Working","Major City","20,001-25,000","3350"
"694","5099536","2019","Postgraduate","Male",57,"NESB","Buddhist","Working","Major City","150,001-160,000","3027"
"695","5101346","2019","Postgraduate","Female",44,"Australia","Roman Catholic","Working","Major City","80,001-90,000","3810"
"696","5106821","2019","Bachelor","Male",52,"Australia","Christian","Middle","Major City","130,001-140,000","3089"
"697","5113951","2019","Non-Trade","Female",53,"Australia","Roman Catholic","Middle","Large Town","60,001-70,000","3018"
"698","5124797","2019","Bachelor","Female",43,"Australia","Roman Catholic","Middle","Rural","150,001-160,000","3540"
"699","5142907","2019","Non-Trade","Male",71,"ESB","Roman Catholic","Working","Rural","70,001-80,000","6069"
"700","5146713","2019","Postgraduate","Male",27,"Australia","Anglican","Middle","Major City","20,001-25,000","6020"
"701","5147734","2019","No Qualification","Male",68,"ESB","Christian","Middle","Major City","45,001-50,000","6062"
"702","5154392","2019","Bachelor","Male",75,"Australia","Roman Catholic","Working","Major City","80,001-90,000","6021"
"703","5158291","2019","Bachelor","Male",73,"Australia","Anglican","Working","Major City","60,001-70,000","6011"
"704","5160024","2019","Postgraduate","Male",75,"Australia","No Religion","Middle","Major City",">180,000","6018"
"705","5172008","2019","Bachelor","Male",38,"Australia","Roman Catholic","Middle","Major City","150,001-160,000","6053"
"706","5186086","2019","Postgraduate","Female",70,"ESB","No Religion","None","Major City","60,001-70,000","6102"
"707","5190995","2019","Trade","Female",73,"Australia","Baptist","Working","Major City","40,001-45,000","6157"
"708","5192329","2019","Bachelor","Male",60,"Australia","No Religion","Middle","Major City","60,001-70,000","6162"
"709","5197364","2019","Undergraduate","Male",24,"Australia","Baptist","Middle","Major City","160,001-180,000","6155"
"710","5198329","2019","Bachelor","Female",56,"Australia","Roman Catholic","Middle","Major City",">180,000","6155"
"711","5220418","2019","Undergraduate","Male",60,"ESB","Anglican","Middle","Major City","<10,000","6025"
"712","5222742","2019","No Qualification","Male",67,"ESB","Presbyterian","Middle","Major City","25,001-30,000","6062"
"713","5232592","2019","Postgraduate","Female",62,"ESB","Anglican","Middle","Large Country Town","20,001-25,000","6450"
"714","5233775","2019","Bachelor","Female",37,"Australia","No Religion","Working","Large Town",">180,000","6230"
"715","5235613","2019","Bachelor","Female",70,"Australia","No Religion","Middle","Rural","70,001-80,000","6282"
"716","5246062","2019","Associate Diploma","Female",49,"ESB","Methodist","Middle","Large Country Town","160,001-180,000","6430"
"717","5258352","2019","Postgraduate","Male",73,"Australia","Anglican","None","Large Town","80,001-90,000","6210"
"718","5262852","2019","Bachelor","Male",64,"ESB","Presbyterian","Middle","Major City","110,001-120,000","6011"
"719","5273242","2019","Trade","Male",64,"Australia","No Religion","Working","Major City","45,001-50,000","6056"
"720","5285619","2019","Bachelor","Female",58,"Australia","Roman Catholic","Middle","Major City","130,001-140,000","6000"
"721","5311852","2019","Postgraduate","Female",66,"Australia","No Religion","Working","Major City","40,001-45,000","6059"
"722","5317723","2019","No Qualification","Male",66,"Australia","Anglican","Middle","Major City","100,001-110,000","6209"
"723","5327606","2019","Undergraduate","Male",63,"Australia","No Religion","Middle","Major City","45,001-50,000","6056"
"724","5332724","2019","Trade","Male",83,"Australia","Anglican","Middle","Major City","35,001-40,000","6021"
"725","5334955","2019","Associate Diploma","Female",64,"Australia","Methodist","Middle","Large Town",">180,000","6280"
"726","5335140","2019","Postgraduate","Male",45,"NESB","Pentecostalism","Middle","Major City","160,001-180,000","6155"
"727","5376708","2019","Trade","Male",55,"ESB","Roman Catholic","Working","Small Country Town","160,001-180,000","6442"
"728","5376769","2019","No Qualification","Female",69,"Australia","Anglican","Middle","Major City","100,001-110,000","6152"
"729","5400115","2019","Non-Trade","Female",81,"Australia","Anglican","Middle","Large Country Town","35,001-40,000","6530"
"730","5421748","2019","Bachelor","Male",49,"Australia","Roman Catholic","Working","Rural","100,001-110,000","6082"
"731","5422568","2019","No Qualification","Male",31,"Australia","No Religion","Middle","Major City","70,001-80,000","6170"
