"","year","Respondent_ID_2016","vote_house","importance_taxation","importance_immigration","importance_education","importance_environment","importance_debt","importance_health","importance_refugees","importance_climate","importance_superannuation","importance_economy","party_taxation","party_immigration","party_education","party_environment","party_debt","party_health","party_refugees","party_climate","party_superannuation","party_economy","issue_importance","issue_importance2","secondpref"
"1","2016","1009513","Liberal","Quite Important","Extremely Important","Extremely Important","Not Very Important","Extremely Important","Extremely Important","Extremely Important","Not Very Important","Not Very Important","Extremely Important","Liberal","Liberal","Liberal","Liberal","Liberal","Liberal","Liberal","Liberal","Liberal","Liberal","Debt","Climate",NA
"2","2016","1023339","Liberal","Quite Important","Quite Important","Quite Important","Quite Important","Extremely Important","Extremely Important","Not Very Important","Quite Important","Quite Important","Extremely Important","Liberal","Liberal","Liberal","Liberal","Liberal","Liberal","Liberal","Liberal","Liberal","Liberal","Debt","Economy",NA
"3","2016","1091741","Liberal","Quite Important","Quite Important","Extremely Important","Extremely Important","Quite Important","Extremely Important","Quite Important","Quite Important","Extremely Important","Quite Important","Liberal","Liberal","Liberal","Liberal","Liberal","Liberal","Liberal","Liberal","Liberal","Liberal","Health","Superannuation",NA
"4","2016","1092276","Liberal","Extremely Important","Extremely Important","Extremely Important","Quite Important","Extremely Important","Not Very Important","Extremely Important","Not Very Important","Not Very Important","Extremely Important","No Difference","No Difference","Labor","No Difference","Liberal","No Difference","No Difference","No Difference","Liberal","Liberal","Economy","Superannuation",NA
"5","2016","1102794","Liberal","Quite Important","Extremely Important","Extremely Important","Not Very Important","Extremely Important","Extremely Important","Extremely Important","Quite Important","Extremely Important","Extremely Important","Liberal","Liberal","No Difference","No Difference","Liberal","Liberal","Liberal","No Difference","No Difference","Liberal","Debt","Economy",NA
"6","2016","1103514","Liberal","Not Very Important","Not Very Important","Extremely Important","Extremely Important","Extremely Important","Extremely Important","Quite Important","Extremely Important","Not Very Important","Extremely Important","Labor","Liberal","Liberal","Liberal","Liberal","Labor","Liberal","Liberal","Labor","Liberal","Education","Health",NA
"7","2016","1105476","Liberal","Quite Important","Extremely Important","Quite Important","Not Very Important","Quite Important","Quite Important","Quite Important","Not Very Important","Quite Important","Extremely Important","Liberal","Liberal","No Difference","No Difference","Liberal","Liberal","Liberal","No Difference","Liberal","Liberal","Economy","Health",NA
"8","2016","1116861","Liberal","Quite Important","Not Very Important","Quite Important","Not Very Important","Not Very Important","Quite Important","Quite Important","Not Very Important","Extremely Important","Quite Important","Liberal","No Difference","Labor","No Difference","Liberal","Labor","No Difference","No Difference","No Difference","Liberal","Superannuation","Health",NA
"9","2016","1118330","Liberal","Extremely Important","Extremely Important","Extremely Important","Extremely Important","Extremely Important","Extremely Important","Extremely Important","Extremely Important","Extremely Important","Quite Important","No Difference","Liberal","Labor","No Difference","Liberal","Liberal","Liberal","No Difference","Liberal","Liberal","Health","Superannuation",NA
"10","2016","1127625","Liberal","Extremely Important","Extremely Important","Extremely Important","Quite Important","Quite Important","Extremely Important","Extremely Important","Quite Important","Extremely Important","Extremely Important","Liberal","Liberal","No Difference","No Difference","No Difference","No Difference","Liberal","No Difference","No Difference","No Difference","Superannuation","Economy",NA
"11","2016","1130303","National","Extremely Important","Extremely Important","Extremely Important","Quite Important","Extremely Important","Quite Important","Extremely Important","Quite Important","Extremely Important","Extremely Important","Liberal","No Difference","Liberal","Liberal","Liberal","Liberal","No Difference","Liberal","No Difference","Liberal","Economy","Immigration",NA
"12","2016","1132313","Liberal","Not Very Important","Extremely Important","Quite Important","Quite Important","Extremely Important","Quite Important","Extremely Important","Not Very Important","Quite Important","Extremely Important","Liberal","Liberal","No Difference","No Difference","Liberal","Liberal","Liberal","No Difference","Liberal","Liberal","Debt","Refugees",NA
"13","2016","1164353","Liberal","Extremely Important","Quite Important","Extremely Important","Quite Important","Quite Important","Quite Important","Quite Important","Quite Important","Quite Important","Extremely Important","Liberal","Liberal","No Difference","No Difference","Liberal","Liberal","No Difference","No Difference","Liberal","Liberal","Education","Superannuation",NA
"14","2016","1202010","National","Not Very Important","Extremely Important","Quite Important","Quite Important","Extremely Important","Extremely Important","Extremely Important","Not Very Important","Quite Important","Extremely Important","Liberal","Liberal","No Difference","Liberal","No Difference","No Difference","Liberal","No Difference","No Difference","Liberal","Health","Refugees",NA
"15","2016","1239458","Liberal","Extremely Important","Extremely Important","Not Very Important","Extremely Important","Extremely Important","Quite Important","Not Very Important","Quite Important","Quite Important","Quite Important","Liberal","Liberal","Liberal","Labor","Liberal","No Difference","Liberal","Labor","No Difference","Liberal","Taxation","Debt",NA
"16","2016","1287168","Liberal","Quite Important","Extremely Important","Extremely Important","Quite Important","Extremely Important","Extremely Important","Extremely Important","Quite Important","Quite Important","Extremely Important","Liberal","Liberal","Liberal","Liberal","Liberal","Liberal","Liberal","Liberal","Liberal","Liberal","Economy","Superannuation",NA
"17","2016","1287968","Liberal","Quite Important","Extremely Important","Quite Important","Quite Important","Extremely Important","Quite Important","Extremely Important","Quite Important","Quite Important","Extremely Important","Liberal","Liberal","Liberal","Liberal","Liberal","Liberal","Liberal","Liberal","Liberal","Liberal","Refugees","Immigration",NA
"18","2016","1308432","Liberal","Extremely Important","Extremely Important","Extremely Important","Extremely Important","Extremely Important","Extremely Important","Extremely Important","Extremely Important","Extremely Important","Extremely Important","Liberal","Liberal","Liberal","Liberal","Liberal","Liberal","Liberal","Liberal","Liberal","Liberal","Debt","Health",NA
"19","2016","1341328","Liberal","Extremely Important","Extremely Important","Extremely Important","Extremely Important","Extremely Important","Extremely Important","Extremely Important","Extremely Important","Extremely Important","Extremely Important","No Difference","Liberal","Liberal","No Difference","Liberal","No Difference","Liberal","No Difference","Labor","Liberal","Debt","Economy",NA
"20","2016","1346571","Liberal","Quite Important","Extremely Important","Extremely Important","Quite Important","Extremely Important","Extremely Important","Not Very Important","Not Very Important","Quite Important","Extremely Important","Liberal","Liberal","Liberal","Liberal","Liberal","Liberal","Liberal","Liberal","Liberal","Liberal","Economy","Debt",NA
"21","2016","1347731","National","Quite Important","Extremely Important","Quite Important","Not Very Important","Extremely Important","Quite Important","Extremely Important","Not Very Important","Not Very Important","Extremely Important","Liberal","Liberal","Liberal","Liberal","Liberal","Liberal","Liberal","Liberal","Liberal","Liberal","Economy","Debt",NA
"22","2016","1349433","Liberal","Quite Important","Quite Important","Quite Important","Quite Important","Extremely Important","Extremely Important","Quite Important","Quite Important","Extremely Important","Extremely Important","Liberal","No Difference","Liberal","No Difference","Liberal","Liberal","No Difference","No Difference","Liberal","Liberal","Economy","Debt",NA
"23","2016","1362025","Liberal","Extremely Important","Quite Important","Extremely Important","Quite Important","Quite Important","Extremely Important","Quite Important","Quite Important","Extremely Important","Extremely Important","Liberal","Liberal","Labor","Labor","Liberal","Liberal","Liberal","Liberal","Liberal","Liberal","Taxation","Superannuation",NA
"24","2016","1369316","Liberal","Quite Important","Extremely Important","Extremely Important","Quite Important","Extremely Important","Extremely Important","Extremely Important","Not Very Important","Extremely Important","Extremely Important","Liberal","Liberal","Liberal","Liberal","Liberal","Liberal","Liberal","Liberal","Liberal","Liberal","Superannuation","Debt",NA
"25","2016","1388647","Liberal","Quite Important","Extremely Important","Quite Important","Quite Important","Extremely Important","Quite Important","Extremely Important","Quite Important","Quite Important","Extremely Important","Liberal","Liberal","Liberal","Liberal","Liberal","Liberal","Liberal","Liberal","Liberal","Liberal","Economy","Superannuation",NA
"26","2016","1406063","Liberal","Quite Important","Quite Important","Extremely Important","Quite Important","Extremely Important","Quite Important","Quite Important","Quite Important","Quite Important","Extremely Important","Liberal","Liberal","Liberal","Liberal","Liberal","Liberal","Liberal","Liberal","Liberal","Liberal","Debt","Superannuation",NA
"27","2016","1411918","Liberal","Extremely Important","Extremely Important","Quite Important","Not Very Important","Not Very Important","Extremely Important","Extremely Important","Not Very Important","Quite Important","Quite Important","Liberal","No Difference","Labor","No Difference","Liberal","Labor","No Difference","No Difference","No Difference","Liberal","Economy","Health",NA
"28","2016","1422869","Liberal","Quite Important","Extremely Important","Quite Important","Not Very Important","Extremely Important","Quite Important","Extremely Important","Not Very Important","Quite Important","Extremely Important","Labor","Liberal","No Difference","Liberal","Liberal","No Difference","Liberal","Liberal","No Difference","Liberal","Immigration","Debt",NA
"29","2016","1436532","National","Quite Important","Extremely Important","Extremely Important","Not Very Important","Extremely Important","Quite Important","Extremely Important","Not Very Important","Quite Important","Extremely Important","Liberal","Liberal","Liberal","Liberal","Liberal","Liberal","Liberal","Liberal","Liberal","Liberal","Economy","Debt",NA
"30","2016","1448762","Liberal","Quite Important","Quite Important","Extremely Important","Quite Important","Not Very Important","Extremely Important","Not Very Important","Quite Important","Quite Important","Quite Important","Labor","No Difference","Labor","Labor","Labor","Labor","No Difference","No Difference","No Difference","Labor","Health","Education",NA
"31","2016","1465568","Liberal","Extremely Important","Quite Important","Extremely Important","Quite Important","Extremely Important","Extremely Important","Quite Important","Quite Important","Extremely Important","Extremely Important","Liberal","Liberal","Liberal","No Difference","Liberal","No Difference","No Difference","No Difference","Liberal","Liberal","Economy","Health",NA
"32","2016","1480341","Liberal","Not Very Important","Extremely Important","Quite Important","Quite Important","Extremely Important","Quite Important","Extremely Important","Quite Important","Quite Important","Extremely Important","No Difference","Liberal","Liberal","No Difference","Liberal","Liberal","Liberal","Labor","Liberal","Liberal","Debt","Refugees",NA
"33","2016","1490665","Liberal","Extremely Important","Quite Important","Quite Important","Quite Important","Quite Important","Extremely Important","Quite Important","Quite Important","Extremely Important","Extremely Important","Liberal","Liberal","Liberal","Liberal","Liberal","Labor","Liberal","Liberal","Liberal","Liberal","Taxation","Economy",NA
"34","2016","1532741","Liberal","Quite Important","Extremely Important","Quite Important","Extremely Important","Extremely Important","Extremely Important","Extremely Important","Quite Important","Quite Important","Extremely Important","Liberal","Liberal","Liberal","Liberal","Liberal","Liberal","Liberal","Liberal","Liberal","Liberal","Debt","Economy",NA
"35","2016","1547366","Liberal","Quite Important","Quite Important","Extremely Important","Quite Important","Quite Important","Quite Important","Extremely Important","Extremely Important","Extremely Important","Extremely Important","Liberal","Liberal","Liberal","Liberal","Liberal","Liberal","Liberal","Liberal","Liberal","Liberal","Education","Superannuation",NA
"36","2016","1552432","Liberal","Quite Important","Quite Important","Quite Important","Quite Important","Not Very Important","Quite Important","Quite Important","Quite Important","Quite Important","Quite Important","Liberal","Liberal","Liberal","Labor","Liberal","Liberal","No Difference","No Difference","No Difference","Liberal","Economy","Taxation",NA
"37","2016","1575638","Liberal","Extremely Important","Extremely Important","Extremely Important","Extremely Important","Extremely Important","Extremely Important","Extremely Important","Extremely Important","Extremely Important","Extremely Important","Liberal","Liberal","Labor","No Difference","Liberal","Liberal","Liberal","No Difference","No Difference","Liberal","Environment","Education",NA
"38","2016","1613666","Liberal","Quite Important","Quite Important","Extremely Important","Quite Important","Extremely Important","Extremely Important","Quite Important","Quite Important","Extremely Important","Extremely Important","Liberal","Liberal","Liberal","Liberal","Liberal","Liberal","Liberal","Liberal","Liberal","Liberal","Health","Economy",NA
"39","2016","1618522","Liberal","Not Very Important","Quite Important","Quite Important","Quite Important","Extremely Important","Quite Important","Extremely Important","Quite Important","Extremely Important","Extremely Important","Liberal","Liberal","Liberal","Liberal","Liberal","Liberal","Liberal","Liberal","Liberal","Liberal","Economy","Climate",NA
"40","2016","1622390","Liberal","Quite Important","Quite Important","Quite Important","Not Very Important","Extremely Important","Quite Important","Quite Important","Quite Important","Extremely Important","Extremely Important","Liberal","Liberal","No Difference","No Difference","Liberal","Liberal","Liberal","No Difference","Liberal","Liberal","Economy","Climate",NA
"41","2016","1623864","Liberal","Not Very Important","Quite Important","Quite Important","Not Very Important","Extremely Important","Quite Important","Quite Important","Extremely Important","Not Very Important","Extremely Important","Liberal","Liberal","Liberal","Liberal","Liberal","Liberal","Liberal","Liberal","Liberal","Liberal","Debt","Economy",NA
"42","2016","1632700","Liberal","Quite Important","Quite Important","Quite Important","Quite Important","Quite Important","Extremely Important","Quite Important","Quite Important","Extremely Important","Quite Important","Liberal","Liberal","Liberal","Liberal","Liberal","Liberal","Liberal","Liberal","Liberal","Liberal","Superannuation","Taxation",NA
"43","2016","1635647","Liberal","Extremely Important","Extremely Important","Extremely Important","Extremely Important","Extremely Important","Extremely Important","Extremely Important","Quite Important","Extremely Important","Extremely Important","Liberal","Liberal","Liberal","Liberal","Liberal","Liberal","Liberal","Liberal","Liberal","Liberal","Taxation","Climate",NA
"44","2016","1658137","Liberal","Extremely Important","Extremely Important","Extremely Important","Quite Important","Extremely Important","Extremely Important","Quite Important","Not Very Important","Quite Important","Extremely Important","Liberal","Liberal","Liberal","Liberal","Liberal","Liberal","Liberal","Liberal","Liberal","Liberal","Debt","Economy",NA
"45","2016","1661160","Liberal","Extremely Important","Extremely Important","Extremely Important","Quite Important","Extremely Important","Extremely Important","Extremely Important","Quite Important","Quite Important","Extremely Important","Liberal","Liberal","No Difference","No Difference","Liberal","No Difference","Liberal","No Difference","No Difference","Liberal","Debt","Refugees",NA
"46","2016","1668440","Liberal","Quite Important","Quite Important","Quite Important","Quite Important","Quite Important","Extremely Important","Quite Important","Quite Important","Quite Important","Quite Important","Liberal","Liberal","Liberal","Liberal","Liberal","Liberal","Liberal","Liberal","Liberal","Liberal","Economy","Climate",NA
"47","2016","1681035","Liberal","Quite Important","Quite Important","Quite Important","Not Very Important","Extremely Important","Quite Important","Not Very Important","Not Very Important","Extremely Important","Extremely Important","Liberal","Liberal","Liberal","Liberal","Liberal","Liberal","Liberal","Liberal","Liberal","Liberal","Economy","Superannuation",NA
"48","2016","1687027","Liberal","Extremely Important","Extremely Important","Extremely Important","Quite Important","Extremely Important","Quite Important","Extremely Important","Not Very Important","Extremely Important","Extremely Important","Liberal","Liberal","Liberal","Liberal","Liberal","Liberal","Liberal","Liberal","Liberal","Liberal","Refugees","Economy",NA
"49","2016","1704046","Liberal","Quite Important","Extremely Important","Extremely Important","Not Very Important","Extremely Important","Extremely Important","Extremely Important","Not Very Important","Extremely Important","Extremely Important","Liberal","Liberal","Liberal","Liberal","Liberal","Liberal","Liberal","Liberal","Liberal","Liberal","Debt","Economy",NA
"50","2016","1713933","Liberal","Not Very Important","Extremely Important","Extremely Important","Not Very Important","Extremely Important","Extremely Important","Extremely Important","Extremely Important","Not Very Important","Extremely Important","No Difference","Liberal","No Difference","No Difference","Liberal","Liberal","Liberal","Liberal","No Difference","Liberal","Economy","Superannuation",NA
"51","2016","1729126","Liberal","Extremely Important","Quite Important","Quite Important","Not Very Important","Extremely Important","Quite Important","Not Very Important","Not Very Important","Extremely Important","Extremely Important","Liberal","Liberal","No Difference","No Difference","Liberal","Liberal","Liberal","No Difference","Liberal","Liberal","Taxation","Debt",NA
"52","2016","1735779","Liberal","Extremely Important","Extremely Important","Extremely Important","Quite Important","Quite Important","Quite Important","Quite Important","Not Very Important","Extremely Important","Extremely Important","Liberal","Liberal","Liberal","Liberal","Liberal","Liberal","Liberal","Liberal","Liberal","Liberal","Economy","Education",NA
"53","2016","1749109","Liberal","Extremely Important","Extremely Important","Quite Important","Quite Important","Extremely Important","Extremely Important","Extremely Important","Not Very Important","Extremely Important","Extremely Important","Liberal","Liberal","Liberal","Liberal","Liberal","Liberal","Liberal","Liberal","Liberal","Liberal","Refugees","Superannuation","Coalition"
"54","2016","1752133","Liberal","Quite Important","Quite Important","Quite Important","Quite Important","Quite Important","Quite Important","Quite Important","Quite Important","Quite Important","Quite Important","Liberal","Liberal","Liberal","Liberal","Liberal","Liberal","Liberal","Liberal","Liberal","Liberal","Economy","Taxation",NA
"55","2016","1777048","Liberal","Quite Important","Quite Important","Extremely Important","Extremely Important","Extremely Important","Quite Important","Quite Important","Quite Important","Quite Important","Extremely Important","Liberal","Liberal","Liberal","No Difference","Liberal","Liberal","Liberal","Liberal","Liberal","Liberal","Economy","Education",NA
"56","2016","1828263","Liberal","Quite Important","Extremely Important","Quite Important","Not Very Important","Extremely Important","Quite Important","Extremely Important","Not Very Important","Quite Important","Extremely Important","Liberal","Liberal","Liberal","No Difference","Liberal","Liberal","Liberal","No Difference","Liberal","Liberal","Refugees","Immigration",NA
"57","2016","1832974","Liberal","Quite Important","Extremely Important","Quite Important","Not Very Important","Extremely Important","Extremely Important","Extremely Important","Not Very Important","Quite Important","Extremely Important","Liberal","Liberal","Liberal","Liberal","Liberal","Liberal","Liberal","Liberal","No Difference","Liberal","Taxation","Health",NA
"58","2016","1838452","National","Quite Important","Quite Important","Quite Important","Quite Important","Extremely Important","Extremely Important","Quite Important","Not Very Important","Quite Important","Extremely Important","Liberal","Liberal","Liberal","No Difference","Liberal","Liberal","Liberal","No Difference","Liberal","Liberal","Economy","Debt",NA
"59","2016","1848614","Liberal","Quite Important","Extremely Important","Quite Important","Quite Important","Extremely Important","Extremely Important","Extremely Important","Quite Important","Extremely Important","Extremely Important","Liberal","Liberal","Liberal","Liberal","Liberal","Liberal","Liberal","Liberal","Liberal","Liberal","Economy","Refugees",NA
"60","2016","1852621","Liberal","Quite Important","Quite Important","Extremely Important","Extremely Important","Quite Important","Quite Important","Quite Important","Quite Important","Extremely Important","Quite Important","No Difference","Labor","Liberal","Liberal","Liberal","Liberal","Labor","No Difference","No Difference","Liberal","Immigration","Economy",NA
"61","2016","1883561","Liberal","Not Very Important","Quite Important","Quite Important","Quite Important","Extremely Important","Quite Important","Quite Important","Not Very Important","Quite Important","Extremely Important","Liberal","Liberal","No Difference","Labor","Liberal","No Difference","Liberal","Liberal","No Difference","Liberal","Economy","Debt",NA
"62","2016","1892486","Liberal","Extremely Important","Extremely Important","Extremely Important","Extremely Important","Extremely Important","Extremely Important","Extremely Important","Extremely Important","Extremely Important","Extremely Important","Liberal","Liberal","Liberal","Liberal","Liberal","Liberal","Liberal","Liberal","Liberal","Liberal","Health","Economy",NA
"63","2016","1932396","Liberal","Extremely Important","Extremely Important","Extremely Important","Extremely Important","Extremely Important","Extremely Important","Extremely Important","Extremely Important","Extremely Important","Extremely Important","Liberal","Liberal","Liberal","No Difference","Liberal","Liberal","Liberal","Liberal","Liberal","Liberal","Economy","Health",NA
"64","2016","1937649","Liberal","Not Very Important","Quite Important","Extremely Important","Extremely Important","Extremely Important","Extremely Important","Extremely Important","Extremely Important","Quite Important","Extremely Important","Labor","Liberal","Liberal","Liberal","Liberal","Liberal","Liberal","Liberal","Liberal","Liberal","Debt","Education",NA
"65","2016","1980007","Liberal","Quite Important","Extremely Important","Extremely Important","Not Very Important","Extremely Important","Extremely Important","Quite Important","Not Very Important","Quite Important","Extremely Important","Liberal","Liberal","Liberal","No Difference","No Difference","Liberal","No Difference","No Difference","No Difference","Liberal","Health","Refugees",NA
"66","2016","1991598","Liberal","Quite Important","Extremely Important","Quite Important","Quite Important","Quite Important","Quite Important","Quite Important","Quite Important","Not Very Important","Extremely Important","Liberal","No Difference","Liberal","Liberal","Liberal","Liberal","No Difference","Liberal","Liberal","Liberal","Debt","Economy",NA
"67","2016","2004856","Liberal","Extremely Important","Extremely Important","Not Very Important","Not Very Important","Extremely Important","Quite Important","Extremely Important","Not Very Important","Extremely Important","Extremely Important","No Difference","Liberal","Liberal","Liberal","No Difference","Liberal","Liberal","Liberal","No Difference","No Difference","Immigration","Economy",NA
"68","2016","2022156","Liberal","Quite Important","Quite Important","Not Very Important","Quite Important","Quite Important","Quite Important","Not Very Important","Quite Important","Not Very Important","Extremely Important","Liberal","Liberal","Liberal","No Difference","Liberal","Liberal","Liberal","No Difference","No Difference","Liberal","Economy","Climate",NA
"69","2016","2024460","Liberal","Extremely Important","Quite Important","Not Very Important","Quite Important","Quite Important","Quite Important","Quite Important","Not Very Important","Quite Important","Extremely Important","No Difference","Liberal","No Difference","No Difference","Liberal","No Difference","No Difference","No Difference","No Difference","Liberal","Economy","Debt",NA
"70","2016","2035663","Liberal","Extremely Important","Extremely Important","Extremely Important","Extremely Important","Extremely Important","Extremely Important","Extremely Important","Quite Important","Extremely Important","Extremely Important","Liberal","Liberal","No Difference","No Difference","Liberal","Liberal","Liberal","No Difference","Liberal","Liberal","Health","Economy",NA
"71","2016","2051787","Liberal","Extremely Important","Not Very Important","Extremely Important","Extremely Important","Quite Important","Extremely Important","Not Very Important","Not Very Important","Extremely Important","Extremely Important","Liberal","Liberal","Liberal","No Difference","No Difference","Liberal","No Difference","No Difference","Liberal","Liberal","Taxation","Health",NA
"72","2016","2067263","Liberal","Quite Important","Quite Important","Quite Important","Quite Important","Extremely Important","Quite Important","Quite Important","Quite Important","Quite Important","Extremely Important","Liberal","No Difference","Liberal","Liberal","Liberal","Liberal","No Difference","Liberal","Liberal","Liberal","Economy","Taxation",NA
"73","2016","2067368","Liberal","Extremely Important","Extremely Important","Quite Important","Quite Important","Extremely Important","Quite Important","Extremely Important","Not Very Important","Extremely Important","Extremely Important","Liberal","Liberal","No Difference","No Difference","Liberal","Liberal","Liberal","No Difference","No Difference","Liberal","Economy","Taxation","Coalition"
"74","2016","2100221","Liberal","Quite Important","Quite Important","Quite Important","Quite Important","Not Very Important","Extremely Important","Extremely Important","Quite Important","Not Very Important","Extremely Important","Liberal","Liberal","Liberal","Liberal","Liberal","Liberal","Liberal","Liberal","Liberal","Liberal","Health","Economy",NA
"75","2016","2102964","Liberal","Quite Important","Extremely Important","Quite Important","Not Very Important","Extremely Important","Quite Important","Extremely Important","Not Very Important","Quite Important","Extremely Important","Liberal","Liberal","Liberal","Liberal","Liberal","Liberal","Liberal","Liberal","Liberal","Liberal","Debt","Economy",NA
"76","2016","2111705","Liberal","Quite Important","Extremely Important","Quite Important","Not Very Important","Extremely Important","Quite Important","Not Very Important","Not Very Important","Extremely Important","Extremely Important","Liberal","Liberal","No Difference","Liberal","Liberal","Liberal","No Difference","Liberal","Liberal","Liberal","Debt","Economy",NA
"77","2016","2123063","Liberal","Quite Important","Extremely Important","Extremely Important","Quite Important","Quite Important","Extremely Important","Not Very Important","Not Very Important","Extremely Important","Extremely Important","Liberal","Liberal","Labor","Liberal","Liberal","Labor","Liberal","Liberal","Liberal","Liberal","Economy","Health",NA
"78","2016","2146564","Liberal","Quite Important","Extremely Important","Extremely Important","Extremely Important","Extremely Important","Extremely Important","Extremely Important","Extremely Important","Extremely Important","Extremely Important","Liberal","Liberal","Liberal","Labor","Liberal","Liberal","Liberal","Labor","Liberal","Liberal","Education","Environment",NA
"79","2016","2152958","Liberal","Quite Important","Extremely Important","Extremely Important","Extremely Important","Extremely Important","Extremely Important","Extremely Important","Extremely Important","Extremely Important","Extremely Important","Liberal","Liberal","Liberal","Liberal","Liberal","Liberal","Liberal","No Difference","Liberal","Liberal","Economy","Health",NA
"80","2016","2187276","Liberal","Extremely Important","Extremely Important","Extremely Important","Quite Important","Quite Important","Extremely Important","Extremely Important","Quite Important","Extremely Important","Extremely Important","Liberal","Liberal","Liberal","No Difference","Liberal","Liberal","Liberal","No Difference","Liberal","Liberal","Superannuation","Refugees",NA
"81","2016","2194743","Liberal","Not Very Important","Quite Important","Quite Important","Extremely Important","Quite Important","Quite Important","Quite Important","Extremely Important","Not Very Important","Extremely Important","Liberal","Liberal","Labor","Liberal","Liberal","Liberal","Liberal","Labor","Liberal","Liberal","Economy","Environment",NA
"82","2016","2204920","Liberal","Extremely Important","Extremely Important","Quite Important","Quite Important","Extremely Important","Extremely Important","Extremely Important","Quite Important","Extremely Important","Extremely Important","Liberal","Liberal","Labor","Labor","Liberal","Liberal","Liberal","Labor","Liberal","Liberal","Superannuation","Refugees",NA
"83","2016","2216541","Liberal","Quite Important","Extremely Important","Extremely Important","Extremely Important","Extremely Important","Extremely Important","Quite Important","Quite Important","Quite Important","Extremely Important","Liberal","Liberal","Labor","Liberal","Liberal","Liberal","No Difference","Liberal","Liberal","Liberal","Economy","Education",NA
"84","2016","2217545","Liberal","Extremely Important","Extremely Important","Extremely Important","Quite Important","Extremely Important","Extremely Important","Quite Important","Quite Important","Not Very Important","Extremely Important","Liberal","Liberal","No Difference","No Difference","Liberal","Liberal","Liberal","No Difference","Liberal","Liberal","Debt","Economy",NA
"85","2016","2235374","Liberal","Quite Important","Quite Important","Not Very Important","Quite Important","Quite Important","Quite Important","Quite Important","Quite Important","Quite Important","Extremely Important","Liberal","Liberal","Liberal","Liberal","Liberal","Liberal","Liberal","No Difference","No Difference","Liberal","Economy","Climate",NA
"86","2016","2235500","Liberal","Not Very Important","Extremely Important","Extremely Important","Extremely Important","Extremely Important","Extremely Important","Extremely Important","Quite Important","Quite Important","Extremely Important","No Difference","No Difference","No Difference","No Difference","No Difference","Labor","Liberal","No Difference","Liberal","Liberal","Health","Immigration",NA
"87","2016","2252579","Liberal","Extremely Important","Extremely Important","Extremely Important","Quite Important","Quite Important","Extremely Important","Extremely Important","Not Very Important","Extremely Important","Extremely Important","Liberal","Liberal","Liberal","Liberal","Liberal","Liberal","Liberal","Liberal","No Difference","Liberal","Economy","Refugees",NA
"88","2016","2254537","Liberal","Extremely Important","Not Very Important","Quite Important","Quite Important","Not Very Important","Quite Important","Not Very Important","Quite Important","Extremely Important","Extremely Important","Liberal","No Difference","No Difference","No Difference","No Difference","No Difference","No Difference","No Difference","Liberal","No Difference","Taxation","Health",NA
"89","2016","2260466","Liberal","Quite Important","Extremely Important","Extremely Important","Quite Important","Extremely Important","Extremely Important","Quite Important","Not Very Important","Extremely Important","Extremely Important","Liberal","Liberal","Liberal","Liberal","Liberal","Liberal","Liberal","Liberal","Liberal","Liberal","Immigration","Debt",NA
"90","2016","2289369","Liberal","Quite Important","Extremely Important","Extremely Important","Extremely Important","Extremely Important","Extremely Important","Quite Important","Quite Important","Not Very Important","Extremely Important","Liberal","No Difference","Liberal","No Difference","Liberal","Liberal","Liberal","No Difference","Liberal","Liberal","Health","Debt",NA
"91","2016","2292646","Liberal","Quite Important","Not Very Important","Extremely Important","Quite Important","Quite Important","Extremely Important","Not Very Important","Not Very Important","Extremely Important","Extremely Important","No Difference","No Difference","No Difference","Liberal","No Difference","No Difference","Liberal","No Difference","No Difference","Liberal","Refugees","Superannuation",NA
"92","2016","2292975","Liberal","Extremely Important","Extremely Important","Quite Important","Not Very Important","Extremely Important","Extremely Important","Quite Important","Not Very Important","Quite Important","Extremely Important","No Difference","Liberal","Labor","No Difference","No Difference","Labor","Liberal","No Difference","Liberal","Liberal","Economy","Health",NA
"93","2016","2341990","Liberal","Not Very Important","Quite Important","Quite Important","Extremely Important","Quite Important","Quite Important","Quite Important","Extremely Important","Quite Important","Extremely Important","Liberal","Liberal","Liberal","Liberal","Liberal","Liberal","No Difference","No Difference","No Difference","Liberal","Debt","Economy",NA
"94","2016","2366331","Liberal","Extremely Important","Extremely Important","Extremely Important","Extremely Important","Extremely Important","Extremely Important","Extremely Important","Extremely Important","Extremely Important","Extremely Important","No Difference","Liberal","Liberal","Liberal","Liberal","Liberal","Liberal","Liberal","Liberal","Liberal","Health","Education",NA
"95","2016","2404262","Liberal","Quite Important","Extremely Important","Extremely Important","Extremely Important","Extremely Important","Extremely Important","Extremely Important","Quite Important","Quite Important","Quite Important","Liberal","Liberal","Liberal","Liberal","Liberal","Liberal","Liberal","Liberal","Liberal","Liberal","Refugees","Immigration",NA
"96","2016","2404634","National","Quite Important","Extremely Important","Extremely Important","Quite Important","Quite Important","Extremely Important","Not Very Important","Quite Important","Quite Important","Quite Important","Liberal","Labor","Liberal","Liberal","Liberal","Liberal","Liberal","Liberal","Liberal","Liberal","Health","Education",NA
"97","2016","2409010","Liberal","Quite Important","Extremely Important","Extremely Important","Not Very Important","Extremely Important","Quite Important","Not Very Important","Not Very Important","Extremely Important","Extremely Important","Liberal","Liberal","Labor","Liberal","Liberal","Labor","Liberal","Liberal","Liberal","Liberal","Economy","Taxation",NA
"98","2016","2424107","Liberal","Extremely Important","Extremely Important","Extremely Important","Extremely Important","Extremely Important","Extremely Important","Extremely Important","Extremely Important","Extremely Important","Extremely Important","No Difference","No Difference","Liberal","No Difference","No Difference","Liberal","No Difference","No Difference","No Difference","No Difference","Immigration","Economy",NA
"99","2016","2427163","Liberal","Quite Important","Extremely Important","Quite Important","Quite Important","Extremely Important","Quite Important","Extremely Important","Not Very Important","Quite Important","Extremely Important","Liberal","Liberal","No Difference","No Difference","Liberal","Liberal","Liberal","Liberal","Liberal","Liberal","Debt","Economy",NA
"100","2016","2460148","Liberal","Extremely Important","Extremely Important","Extremely Important","Extremely Important","Quite Important","Extremely Important","Extremely Important","Extremely Important","Extremely Important","Extremely Important","No Difference","No Difference","No Difference","No Difference","No Difference","No Difference","No Difference","No Difference","No Difference","Liberal","Education","Economy",NA
"101","2016","2461008","Liberal","Extremely Important","Extremely Important","Extremely Important","Extremely Important","Extremely Important","Extremely Important","Extremely Important","Extremely Important","Extremely Important","Extremely Important","Liberal","Liberal","Liberal","Liberal","Liberal","Liberal","Liberal","Liberal","Liberal","Liberal","Debt","Economy",NA
"102","2016","2464011","Liberal","Quite Important","Not Very Important","Quite Important","Quite Important","Quite Important","Quite Important","Quite Important","Quite Important","Quite Important","Quite Important","Liberal","No Difference","Labor","Labor","Liberal","Labor","Labor","Labor","Liberal","Liberal","Debt","Economy",NA
"103","2016","2471594","Liberal","Quite Important","Extremely Important","Extremely Important","Extremely Important","Extremely Important","Extremely Important","Extremely Important","Extremely Important","Quite Important","Extremely Important","Liberal","Liberal","Liberal","Liberal","Liberal","Liberal","Liberal","Liberal","Liberal","Liberal","Debt","Economy",NA
"104","2016","2567262","Liberal","Extremely Important","Extremely Important","Quite Important","Quite Important","Extremely Important","Quite Important","Extremely Important","Quite Important","Extremely Important","Quite Important","Liberal","Liberal","No Difference","No Difference","Liberal","Liberal","Liberal","No Difference","Liberal","Liberal","Economy","Taxation",NA
"105","2016","2610999","National","Quite Important","Quite Important","Not Very Important","Quite Important","Quite Important","Extremely Important","Quite Important","Quite Important","Extremely Important","Extremely Important","Labor","Labor","No Difference","No Difference","Liberal","Labor","Liberal","No Difference","Labor","Liberal","Health","Economy",NA
"106","2016","2624042","Liberal","Quite Important","Extremely Important","Extremely Important","Quite Important","Extremely Important","Extremely Important","Not Very Important","Not Very Important","Extremely Important","Extremely Important","No Difference","Liberal","Liberal","No Difference","Liberal","No Difference","Liberal","No Difference","No Difference","Liberal","Health","Debt","Coalition"
"107","2016","2634818","Liberal","Not Very Important","Extremely Important","Extremely Important","Extremely Important","Quite Important","Quite Important","Extremely Important","Extremely Important","Extremely Important","Quite Important","Labor","No Difference","Labor","Labor","No Difference","Labor","Labor","Labor","Labor","No Difference","Environment","Economy",NA
"108","2016","2643532","Liberal","Quite Important","Quite Important","Quite Important","Quite Important","Extremely Important","Extremely Important","Quite Important","Quite Important","Extremely Important","Extremely Important","Labor","No Difference","Labor","Liberal","Liberal","No Difference","Liberal","No Difference","No Difference","Liberal","Economy","Debt","Coalition"
"109","2016","2651761","National","Quite Important","Quite Important","Quite Important","Quite Important","Extremely Important","Quite Important","Extremely Important","Not Very Important","Quite Important","Extremely Important","No Difference","Liberal","Labor","No Difference","Liberal","Liberal","Liberal","Liberal","Liberal","Liberal","Economy","Debt",NA
"110","2016","2685967","Liberal","Extremely Important","Extremely Important","Extremely Important","Extremely Important","Extremely Important","Extremely Important","Extremely Important","Quite Important","Extremely Important","Extremely Important","Liberal","Liberal","Liberal","Liberal","Labor","Liberal","Liberal","Liberal","Liberal","Liberal","Superannuation","Taxation",NA
"111","2016","2696376","Liberal","Extremely Important","Not Very Important","Extremely Important","Quite Important","Extremely Important","Extremely Important","Not Very Important","Quite Important","Extremely Important","Extremely Important","Liberal","No Difference","No Difference","No Difference","Liberal","Liberal","No Difference","Liberal","Liberal","Liberal","Economy","Debt",NA
"112","2016","2733291","Liberal","Extremely Important","Extremely Important","Extremely Important","Quite Important","Extremely Important","Extremely Important","Extremely Important","Not Very Important","Extremely Important","Extremely Important","Liberal","Liberal","Liberal","No Difference","No Difference","No Difference","No Difference","Liberal","Liberal","Liberal","Economy","Immigration",NA
"113","2016","2793046","Liberal","Extremely Important","Quite Important","Quite Important","Quite Important","Extremely Important","Quite Important","Quite Important","Not Very Important","Extremely Important","Extremely Important","Liberal","Liberal","Liberal","Liberal","Liberal","Liberal","Liberal","Liberal","Liberal","Liberal","Taxation","Debt",NA
"114","2016","2804130","Liberal","Quite Important","Quite Important","Extremely Important","Quite Important","Quite Important","Extremely Important","Extremely Important","Quite Important","Quite Important","Quite Important","Labor","Labor","Labor","Liberal","Labor","Labor","Labor","Liberal","Liberal","Liberal","Education","Economy",NA
"115","2016","2818727","Liberal","Quite Important","Not Very Important","Quite Important","Quite Important","Quite Important","Quite Important","Not Very Important","Quite Important","Extremely Important","Quite Important","Liberal","Liberal","Liberal","Liberal","Liberal","Liberal","Liberal","Liberal","Liberal","Liberal","Superannuation","Taxation",NA
"116","2016","2828488","Liberal","Extremely Important","Quite Important","Not Very Important","Not Very Important","Quite Important","Not Very Important","Quite Important","Not Very Important","Not Very Important","Quite Important","Liberal","Liberal","No Difference","Liberal","Liberal","No Difference","Liberal","Liberal","Liberal","Liberal","Taxation","Debt",NA
"117","2016","2833765","Liberal","Quite Important","Quite Important","Quite Important","Quite Important","Quite Important","Quite Important","Extremely Important","Extremely Important","Not Very Important","Extremely Important","Liberal","No Difference","Liberal","No Difference","Liberal","Liberal","No Difference","No Difference","Liberal","Liberal","Economy","Taxation",NA
"118","2016","2861839","Liberal","Quite Important","Not Very Important","Quite Important","Not Very Important","Not Very Important","Quite Important","Not Very Important","Not Very Important","Quite Important","Quite Important","No Difference","No Difference","No Difference","No Difference","No Difference","No Difference","No Difference","No Difference","No Difference","No Difference","Education","Taxation",NA
"119","2016","2865072","Liberal","Quite Important","Extremely Important","Quite Important","Not Very Important","Extremely Important","Extremely Important","Extremely Important","Not Very Important","Extremely Important","Extremely Important","Liberal","Liberal","Liberal","Labor","Liberal","Liberal","Labor","Labor","Labor","Liberal","Superannuation","Taxation",NA
"120","2016","2897736","Liberal","Not Very Important","Extremely Important","Quite Important","Not Very Important","Quite Important","Extremely Important","Not Very Important","Not Very Important","Not Very Important","Extremely Important","No Difference","Liberal","Liberal","Liberal","Liberal","Labor","Liberal","Liberal","No Difference","Liberal","Debt","Health",NA
"121","2016","2929474","Liberal","Quite Important","Not Very Important","Extremely Important","Quite Important","Extremely Important","Extremely Important","Not Very Important","Quite Important","Not Very Important","Extremely Important","Liberal","Liberal","Liberal","No Difference","Liberal","Liberal","Liberal","No Difference","Liberal","Liberal","Debt","Health",NA
"122","2016","2932606","Liberal","Extremely Important","Extremely Important","Extremely Important","Extremely Important","Extremely Important","Extremely Important","Extremely Important","Extremely Important","Extremely Important","Extremely Important","Liberal","Liberal","Labor","Liberal","Liberal","Liberal","Liberal","Liberal","Labor","Liberal","Refugees","Immigration",NA
"123","2016","2982605","Liberal","Extremely Important","Extremely Important","Extremely Important","Not Very Important","Extremely Important","Extremely Important","Extremely Important","Not Very Important","Extremely Important","Extremely Important","Liberal","Liberal","Liberal","Liberal","Liberal","Labor","Liberal","Liberal","Labor","Liberal","Superannuation","Health",NA
"124","2016","2985739","Liberal","Extremely Important","Extremely Important","Quite Important","Quite Important","Extremely Important","Not Very Important","Quite Important","Quite Important","Quite Important","Extremely Important","Liberal","Liberal","Liberal","Labor","Liberal","Liberal","Liberal","Labor","Labor","Liberal","Economy","Immigration",NA
"125","2016","3019455","Liberal","Extremely Important","Not Very Important","Not Very Important","Not Very Important","Quite Important","Not Very Important","Not Very Important","Not Very Important","Not Very Important","Extremely Important","Liberal","No Difference","No Difference","No Difference","Liberal","No Difference","Liberal","No Difference","No Difference","Liberal","Economy","Debt",NA
"126","2016","3028798","National","Quite Important","Extremely Important","Extremely Important","Quite Important","Extremely Important","Extremely Important","Extremely Important","Quite Important","Extremely Important","Quite Important","Liberal","Liberal","Liberal","Liberal","Liberal","Liberal","Liberal","Liberal","Liberal","Liberal","Health","Debt",NA
"127","2016","3036482","Liberal","Quite Important","Quite Important","Extremely Important","Extremely Important","Quite Important","Extremely Important","Quite Important","Extremely Important","Extremely Important","Extremely Important","Liberal","No Difference","Labor","No Difference","Liberal","No Difference","No Difference","No Difference","No Difference","Liberal","Health","Education","Coalition"
"128","2016","3049937","Liberal","Extremely Important","Not Very Important","Extremely Important","Extremely Important","Not Very Important","Quite Important","Not Very Important","Extremely Important","Extremely Important","Extremely Important","Liberal","No Difference","Labor","Labor","No Difference","Liberal","No Difference","No Difference","Liberal","Liberal","Economy","Refugees","Coalition"
"129","2016","3068777","Liberal","Quite Important","Quite Important","Quite Important","Quite Important","Extremely Important","Quite Important","Quite Important","Quite Important","Extremely Important","Extremely Important","Liberal","Liberal","Liberal","No Difference","Liberal","Liberal","No Difference","No Difference","Liberal","Liberal","Climate","Immigration",NA
"130","2016","3087233","Liberal","Extremely Important","Not Very Important","Extremely Important","Extremely Important","Extremely Important","Not Very Important","Not Very Important","Extremely Important","Quite Important","Extremely Important","Liberal","No Difference","Labor","Labor","Liberal","Liberal","No Difference","Labor","Liberal","Liberal","Economy","Debt",NA
"131","2016","3114314","Liberal","Not Very Important","Quite Important","Not Very Important","Quite Important","Quite Important","Extremely Important","Quite Important","Quite Important","Extremely Important","Extremely Important","Liberal","Liberal","Liberal","Liberal","Liberal","Liberal","Liberal","Liberal","Liberal","Liberal","Superannuation","Health",NA
"132","2016","3116016","Liberal","Extremely Important","Extremely Important","Extremely Important","Extremely Important","Extremely Important","Extremely Important","Extremely Important","Extremely Important","Extremely Important","Extremely Important","Liberal","Liberal","Labor","Labor","Liberal","Liberal","Liberal","Labor","Liberal","Liberal","Economy","Debt",NA
"133","2016","3119763","Liberal","Not Very Important","Quite Important","Extremely Important","Quite Important","Extremely Important","Extremely Important","Extremely Important","Quite Important","Quite Important","Extremely Important","Liberal","Liberal","Labor","No Difference","Liberal","Labor","Liberal","No Difference","No Difference","No Difference","Economy","Superannuation",NA
"134","2016","3146370","Liberal","Quite Important","Not Very Important","Quite Important","Not Very Important","Quite Important","Not Very Important","Not Very Important","Not Very Important","Not Very Important","Quite Important","Liberal","Labor","Liberal","No Difference","Liberal","Liberal","Labor","No Difference","No Difference","Liberal","Education","Debt",NA
"135","2016","3149340","Liberal","Quite Important","Quite Important","Quite Important","Quite Important","Quite Important","Quite Important","Quite Important","Quite Important","Quite Important","Quite Important","No Difference","No Difference","No Difference","No Difference","No Difference","No Difference","No Difference","No Difference","No Difference","No Difference","Superannuation","Refugees",NA
"136","2016","3177296","National","Quite Important","Extremely Important","Quite Important","Not Very Important","Extremely Important","Quite Important","Extremely Important","Not Very Important","Quite Important","Extremely Important","Liberal","Liberal","Liberal","Liberal","Liberal","Liberal","Liberal","Liberal","Liberal","Liberal","Economy","Debt",NA
"137","2016","3268867","National","Not Very Important","Not Very Important","Quite Important","Not Very Important","Not Very Important","Quite Important","Quite Important","Not Very Important","Quite Important","Extremely Important","No Difference","Liberal","Labor","No Difference","No Difference","Labor","Liberal","No Difference","Labor","No Difference","Health","Education",NA
"138","2016","3271710","Liberal","Quite Important","Extremely Important","Quite Important","Not Very Important","Extremely Important","Extremely Important","Quite Important","Not Very Important","Quite Important","Extremely Important","Liberal","Liberal","Liberal","Liberal","Liberal","Liberal","Liberal","Liberal","Liberal","Liberal","Economy","Refugees",NA
"139","2016","3290244","Liberal","Quite Important","Extremely Important","Not Very Important","Quite Important","Extremely Important","Quite Important","Extremely Important","Quite Important","Quite Important","Extremely Important","Liberal","Liberal","Liberal","Liberal","Liberal","No Difference","Liberal","No Difference","Liberal","Liberal","Economy","Debt",NA
"140","2016","3324144","Liberal","Extremely Important","Extremely Important","Extremely Important","Extremely Important","Extremely Important","Extremely Important","Extremely Important","Extremely Important","Extremely Important","Extremely Important","Liberal","Liberal","Liberal","Liberal","Liberal","Liberal","Liberal","Liberal","Liberal","Liberal","Economy","Superannuation",NA
"141","2016","3340263","National","Extremely Important","Quite Important","Not Very Important","Quite Important","Not Very Important","Quite Important","Not Very Important","Not Very Important","Extremely Important","Extremely Important","Labor","No Difference","Labor","No Difference","No Difference","Labor","No Difference","No Difference","Labor","Liberal","Taxation","Superannuation",NA
"142","2016","3503189","Liberal","Extremely Important","Extremely Important","Extremely Important","Extremely Important","Extremely Important","Extremely Important","Extremely Important","Extremely Important","Extremely Important","Extremely Important","Liberal","Liberal","Liberal","Liberal","No Difference","No Difference","Liberal","Liberal","Liberal","Liberal","Economy","Debt",NA
"143","2016","3513407","Liberal","Quite Important","Extremely Important","Extremely Important","Quite Important","Extremely Important","Extremely Important","Extremely Important","Quite Important","Quite Important","Extremely Important","Liberal","Liberal","Liberal","Liberal","Liberal","Liberal","Liberal","Liberal","Liberal","Liberal","Economy","Superannuation",NA
"144","2016","3533271","National","Extremely Important","Extremely Important","Extremely Important","Quite Important","Quite Important","Extremely Important","Quite Important","Quite Important","Extremely Important","Extremely Important","Liberal","Liberal","Liberal","No Difference","Liberal","Liberal","Liberal","No Difference","Liberal","Liberal","Superannuation","Taxation",NA
"145","2016","3533452","Liberal","Extremely Important","Extremely Important","Extremely Important","Quite Important","Extremely Important","Quite Important","Quite Important","Not Very Important","Extremely Important","Extremely Important","Liberal","Liberal","Liberal","Liberal","Liberal","Liberal","Liberal","Liberal","Liberal","Liberal","Economy","Debt",NA
"146","2016","3546918","National","Quite Important","Extremely Important","Extremely Important","Extremely Important","Extremely Important","Extremely Important","Extremely Important","Extremely Important","Quite Important","Extremely Important","Labor","Liberal","Labor","Labor","Liberal","Labor","No Difference","No Difference","No Difference","Liberal","Economy","Education",NA
"147","2016","3559660","Liberal","Extremely Important","Not Very Important","Quite Important","Quite Important","Not Very Important","Extremely Important","Not Very Important","Not Very Important","Not Very Important","Extremely Important","No Difference","Liberal","Labor","No Difference","Liberal","Labor","Labor","No Difference","No Difference","Liberal","Economy","Taxation",NA
"148","2016","3571803","Liberal","Not Very Important","Extremely Important","Quite Important","Not Very Important","Extremely Important","Quite Important","Extremely Important","Not Very Important","Quite Important","Extremely Important","Liberal","Liberal","Liberal","Liberal","Liberal","Liberal","Liberal","Liberal","Liberal","Liberal","Economy","Refugees",NA
"149","2016","3573751","National","Extremely Important","Quite Important","Quite Important","Quite Important","Extremely Important","Extremely Important","Quite Important","Quite Important","Quite Important","Extremely Important","Liberal","Liberal","No Difference","No Difference","Liberal","Liberal","No Difference","No Difference","Liberal","Liberal","Economy","Debt",NA
"150","2016","3696582","Liberal","Extremely Important","Extremely Important","Quite Important","Quite Important","Quite Important","Extremely Important","Not Very Important","Not Very Important","Extremely Important","Quite Important","Liberal","No Difference","No Difference","No Difference","No Difference","No Difference","No Difference","No Difference","Liberal","No Difference","Economy","Climate",NA
"151","2016","3703963","Liberal","Quite Important","Quite Important","Quite Important","Quite Important","Extremely Important","Extremely Important","Quite Important","Quite Important","Extremely Important","Extremely Important","No Difference","No Difference","No Difference","No Difference","No Difference","No Difference","No Difference","No Difference","No Difference","No Difference","Superannuation","Health","Coalition"
"152","2016","3708799","Liberal","Extremely Important","Extremely Important","Extremely Important","Quite Important","Extremely Important","Extremely Important","Extremely Important","Not Very Important","Extremely Important","Extremely Important","Liberal","Liberal","Liberal","Liberal","Liberal","Liberal","Liberal","Liberal","Labor","Liberal","Economy","Climate","Coalition"
"153","2016","3730600","Liberal","Quite Important","Quite Important","Extremely Important","Extremely Important","Extremely Important","Quite Important","Quite Important","Quite Important","Extremely Important","Extremely Important","Liberal","Liberal","Labor","Liberal","Liberal","Liberal","Liberal","Liberal","Labor","Liberal","Debt","Economy",NA
"154","2016","3733397","Liberal","Not Very Important","Quite Important","Not Very Important","Not Very Important","Extremely Important","Extremely Important","Quite Important","Not Very Important","Extremely Important","Extremely Important","Liberal","Liberal","Liberal","Liberal","Liberal","Liberal","Liberal","Liberal","Liberal","Liberal","Economy","Health",NA
"155","2016","3734929","Liberal","Quite Important","Not Very Important","Quite Important","Quite Important","Quite Important","Quite Important","Quite Important","Quite Important","Quite Important","Extremely Important","Liberal","Liberal","Liberal","Liberal","Liberal","No Difference","Liberal","Liberal","Liberal","Liberal","Immigration","Health",NA
"156","2016","3780610","Liberal","Extremely Important","Extremely Important","Quite Important","Not Very Important","Extremely Important","Quite Important","Not Very Important","Not Very Important","Extremely Important","Extremely Important","Liberal","Liberal","No Difference","Liberal","Liberal","Liberal","Liberal","Liberal","Labor","Liberal","Economy","Climate","Coalition"
"157","2016","3797532","Liberal","Extremely Important","Extremely Important","Extremely Important","Quite Important","Quite Important","Extremely Important","Quite Important","Quite Important","Quite Important","Extremely Important","Liberal","Liberal","Liberal","Liberal","Liberal","Liberal","Liberal","Liberal","Liberal","Liberal","Economy","Climate",NA
"158","2016","3806775","Liberal","Quite Important","Extremely Important","Extremely Important","Quite Important","Extremely Important","Extremely Important","Extremely Important","Quite Important","Extremely Important","Extremely Important","Labor","Liberal","Liberal","No Difference","Liberal","Liberal","Liberal","No Difference","Liberal","Liberal","Immigration","Economy",NA
"159","2016","3819355","Liberal","Extremely Important","Extremely Important","Quite Important","Not Very Important","Extremely Important","Extremely Important","Quite Important","Not Very Important","Extremely Important","Quite Important","Liberal","Liberal","Liberal","Liberal","Liberal","Liberal","Liberal","Liberal","Labor","Liberal","Superannuation","Health",NA
"160","2016","3827681","Liberal","Quite Important","Extremely Important","Quite Important","Quite Important","Extremely Important","Extremely Important","Extremely Important","Quite Important","Not Very Important","Extremely Important","No Difference","Liberal","Liberal","Liberal","Liberal","Liberal","Liberal","Liberal","Liberal","Liberal","Superannuation","Immigration","Coalition"
"161","2016","3866947","Liberal","Quite Important","Extremely Important","Extremely Important","Quite Important","Quite Important","Extremely Important","Extremely Important","Quite Important","Extremely Important","Extremely Important","Liberal","Liberal","Liberal","Liberal","Liberal","Liberal","Liberal","Liberal","Liberal","Liberal","Economy","Education",NA
"162","2016","3927070","Liberal","Quite Important","Extremely Important","Extremely Important","Extremely Important","Extremely Important","Extremely Important","Extremely Important","Quite Important","Quite Important","Extremely Important","Liberal","Liberal","Labor","Labor","Liberal","Liberal","Liberal","Liberal","Liberal","Liberal","Immigration","Refugees",NA
"163","2016","3965315","Liberal","Quite Important","Quite Important","Not Very Important","Not Very Important","Extremely Important","Quite Important","Not Very Important","Not Very Important","Quite Important","Quite Important","Liberal","Liberal","No Difference","No Difference","Liberal","Liberal","Liberal","No Difference","Liberal","Liberal","Superannuation","Economy",NA
"164","2016","3974809","National","Not Very Important","Quite Important","Quite Important","Quite Important","Quite Important","Quite Important","Quite Important","Quite Important","Quite Important","Quite Important","No Difference","No Difference","No Difference","No Difference","No Difference","No Difference","No Difference","No Difference","No Difference","No Difference","Health","Education",NA
"165","2016","3975027","Liberal","Extremely Important","Extremely Important","Extremely Important","Extremely Important","Extremely Important","Extremely Important","Extremely Important","Quite Important","Quite Important","Extremely Important","Liberal","No Difference","No Difference","No Difference","Liberal","Liberal","No Difference","No Difference","Liberal","Liberal","Taxation","Education",NA
"166","2016","3981131","Liberal","Extremely Important","Extremely Important","Extremely Important","Extremely Important","Extremely Important","Extremely Important","Extremely Important","Not Very Important","Extremely Important","Extremely Important","Liberal","Liberal","Liberal","Labor","Liberal","Liberal","Liberal","Labor","Liberal","Liberal","Taxation","Economy",NA
"167","2016","3986961","National","Not Very Important","Quite Important","Quite Important","Quite Important","Extremely Important","Extremely Important","Quite Important","Quite Important","Extremely Important","Extremely Important","Labor","No Difference","No Difference","No Difference","No Difference","Labor","No Difference","No Difference","Labor","No Difference","Health","Economy",NA
"168","2016","4001969","National","Extremely Important","Extremely Important","Extremely Important","Quite Important","Extremely Important","Extremely Important","Not Very Important","Extremely Important","Extremely Important","Extremely Important","Liberal","No Difference","Liberal","Liberal","Liberal","Liberal","No Difference","Liberal","Liberal","Liberal","Health","Superannuation",NA
"169","2016","4051141","Liberal","Quite Important","Extremely Important","Extremely Important","Quite Important","Extremely Important","Extremely Important","Quite Important","Not Very Important","Not Very Important","Extremely Important","Liberal","Liberal","No Difference","No Difference","Liberal","Liberal","Liberal","No Difference","Liberal","Liberal","Economy","Immigration",NA
"170","2016","4064791","Liberal","Extremely Important","Extremely Important","Extremely Important","Extremely Important","Extremely Important","Extremely Important","Quite Important","Quite Important","Extremely Important","Extremely Important","Liberal","Liberal","Liberal","No Difference","Liberal","No Difference","Liberal","No Difference","No Difference","Liberal","Debt","Health",NA
"171","2016","4080525","Liberal","Quite Important","Extremely Important","Extremely Important","Quite Important","Extremely Important","Extremely Important","Extremely Important","Extremely Important","Quite Important","Extremely Important","Liberal","Liberal","Liberal","Liberal","Liberal","Liberal","Liberal","Liberal","No Difference","Liberal","Debt","Economy",NA
"172","2016","4107791","National","Extremely Important","Quite Important","Quite Important","Not Very Important","Extremely Important","Quite Important","Extremely Important","Quite Important","Extremely Important","Extremely Important","Liberal","Liberal","Liberal","Liberal","Liberal","Liberal","Liberal","Liberal","Liberal","Liberal","Economy","Debt",NA
"173","2016","4130623","Liberal","Quite Important","Extremely Important","Quite Important","Quite Important","Extremely Important","Extremely Important","Extremely Important","Quite Important","Quite Important","Extremely Important","Liberal","Liberal","Liberal","No Difference","Liberal","Liberal","No Difference","No Difference","No Difference","Liberal","Economy","Immigration",NA
"174","2016","4146765","National","Extremely Important","Extremely Important","Extremely Important","Quite Important","Extremely Important","Extremely Important","Extremely Important","Not Very Important","Extremely Important","Extremely Important","No Difference","No Difference","No Difference","No Difference","Liberal","Labor","No Difference","No Difference","Liberal","No Difference","Health","Education",NA
"175","2016","4166894","Liberal","Quite Important","Not Very Important","Not Very Important","Not Very Important","Extremely Important","Extremely Important","Not Very Important","Not Very Important","Extremely Important","Extremely Important","Liberal","Liberal","No Difference","Liberal","Liberal","Liberal","Liberal","Liberal","Liberal","Liberal","Debt","Economy",NA
"176","2016","4186998","Liberal","Extremely Important","Extremely Important","Quite Important","Quite Important","Extremely Important","Extremely Important","Quite Important","Not Very Important","Extremely Important","Extremely Important","Liberal","Liberal","Liberal","Labor","Liberal","Liberal","Labor","Labor","Liberal","Liberal","Debt","Taxation",NA
"177","2016","4209765","National","Quite Important","Quite Important","Quite Important","Extremely Important","Not Very Important","Quite Important","Quite Important","Extremely Important","Quite Important","Quite Important","No Difference","No Difference","Labor","No Difference","No Difference","Labor","No Difference","No Difference","Labor","No Difference","Climate","Economy","Coalition"
"178","2016","4247369","Liberal","Extremely Important","Extremely Important","Quite Important","Quite Important","Quite Important","Quite Important","Extremely Important","Quite Important","Quite Important","Extremely Important","Liberal","Liberal","Labor","No Difference","Liberal","No Difference","Liberal","No Difference","No Difference","Liberal","Immigration","Economy",NA
"179","2016","4265365","Liberal","Extremely Important","Quite Important","Quite Important","Quite Important","Extremely Important","Extremely Important","Quite Important","Quite Important","Extremely Important","Extremely Important","Liberal","Liberal","Liberal","No Difference","Liberal","Liberal","No Difference","No Difference","Liberal","Liberal","Superannuation","Health",NA
"180","2016","4273486","Liberal","Quite Important","Not Very Important","Quite Important","Not Very Important","Extremely Important","Extremely Important","Not Very Important","Quite Important","Extremely Important","Extremely Important","Liberal","Liberal","Liberal","Labor","Liberal","Labor","Liberal","No Difference","Liberal","Liberal","Economy","Debt",NA
"181","2016","4296690","Liberal","Quite Important","Extremely Important","Extremely Important","Extremely Important","Quite Important","Extremely Important","Extremely Important","Extremely Important","Extremely Important","Extremely Important","Liberal","Liberal","Liberal","No Difference","No Difference","Liberal","Liberal","No Difference","No Difference","No Difference","Health","Education","Coalition"
"182","2016","4297208","Liberal","Extremely Important","Extremely Important","Extremely Important","Extremely Important","Extremely Important","Extremely Important","Extremely Important","Quite Important","Extremely Important","Extremely Important","Liberal","Liberal","Liberal","Liberal","Liberal","Liberal","Liberal","Liberal","Liberal","Liberal","Economy","Debt",NA
"183","2016","4302693","Liberal","Quite Important","Extremely Important","Quite Important","Not Very Important","Quite Important","Quite Important","Quite Important","Not Very Important","Quite Important","Extremely Important","Liberal","Liberal","No Difference","Liberal","Liberal","No Difference","No Difference","Liberal","No Difference","Liberal","Economy","Immigration",NA
"184","2016","4345070","Liberal","Quite Important","Quite Important","Quite Important","Extremely Important","Quite Important","Extremely Important","Extremely Important","Extremely Important","Quite Important","Extremely Important","Liberal","No Difference","Liberal","Liberal","Liberal","Liberal","No Difference","Liberal","Liberal","Liberal","Refugees","Climate",NA
"185","2016","4356892","Liberal","Not Very Important","Extremely Important","Not Very Important","Not Very Important","Extremely Important","Extremely Important","Extremely Important","Not Very Important","Not Very Important","Extremely Important","No Difference","Liberal","No Difference","Liberal","Liberal","No Difference","Liberal","No Difference","No Difference","Liberal","Economy","Debt",NA
"186","2016","4361188","Liberal","Quite Important","Extremely Important","Extremely Important","Quite Important","Quite Important","Extremely Important","Extremely Important","Quite Important","Quite Important","Extremely Important","Liberal","Liberal","No Difference","No Difference","Liberal","Liberal","Liberal","No Difference","No Difference","Liberal","Health","Environment","Coalition"
"187","2016","4404065","Liberal","Extremely Important","Extremely Important","Quite Important","Quite Important","Extremely Important","Quite Important","Not Very Important","Extremely Important","Extremely Important","Extremely Important","Liberal","Liberal","No Difference","Liberal","Liberal","Liberal","Liberal","Liberal","Liberal","Liberal","Economy","Superannuation",NA
"188","2016","4439168","Liberal","Quite Important","Quite Important","Not Very Important","Quite Important","Quite Important","Not Very Important","Not Very Important","Not Very Important","Not Very Important","Extremely Important","Liberal","Liberal","No Difference","No Difference","Liberal","Liberal","Liberal","No Difference","No Difference","Liberal","Economy","Debt",NA
"189","2016","4449395","Liberal","Extremely Important","Quite Important","Quite Important","Quite Important","Quite Important","Extremely Important","Quite Important","Quite Important","Extremely Important","Quite Important","Liberal","Liberal","Liberal","Liberal","Liberal","Liberal","Liberal","Liberal","Liberal","Liberal","Superannuation","Taxation",NA
"190","2016","4469951","Liberal","Quite Important","Extremely Important","Extremely Important","Extremely Important","Extremely Important","Extremely Important","Extremely Important","Extremely Important","Quite Important","Extremely Important","Liberal","Liberal","Liberal","Liberal","Liberal","Liberal","Liberal","Liberal","Liberal","Liberal","Debt","Education",NA
"191","2016","4567550","Liberal","Extremely Important","Extremely Important","Quite Important","Not Very Important","Extremely Important","Quite Important","Not Very Important","Not Very Important","Extremely Important","Extremely Important","Liberal","Liberal","Labor","Liberal","Liberal","Liberal","Liberal","Liberal","No Difference","Liberal","Superannuation","Taxation",NA
"192","2016","4578162","National","Quite Important","Extremely Important","Extremely Important","Extremely Important","Quite Important","Extremely Important","Quite Important","Quite Important","Extremely Important","Quite Important","Liberal","Liberal","Liberal","Liberal","Liberal","Liberal","No Difference","No Difference","Labor","No Difference","Superannuation","Health","Coalition"
"193","2016","4580959","Liberal","Quite Important","Not Very Important","Quite Important","Quite Important","Extremely Important","Extremely Important","Not Very Important","Quite Important","Quite Important","Extremely Important","Liberal","Liberal","Liberal","Liberal","Liberal","Liberal","Liberal","Liberal","Liberal","Liberal","Debt","Economy",NA
"194","2016","4592349","National","Quite Important","Not Very Important","Quite Important","Quite Important","Quite Important","Quite Important","Not Very Important","Not Very Important","Quite Important","Quite Important","No Difference","Liberal","Labor","Labor","No Difference","Labor","Liberal","Liberal","No Difference","No Difference","Taxation","Health","Coalition"
"195","2016","4610478","Liberal","Quite Important","Not Very Important","Quite Important","Quite Important","Extremely Important","Quite Important","Not Very Important","Not Very Important","Quite Important","Extremely Important","No Difference","Liberal","Labor","Labor","Liberal","Labor","Liberal","Labor","Liberal","Liberal","Debt","Economy","Coalition"
"196","2016","4615264","Liberal","Not Very Important","Extremely Important","Not Very Important","Not Very Important","Extremely Important","Not Very Important","Extremely Important","Not Very Important","Quite Important","Extremely Important","Liberal","Liberal","Labor","Liberal","Liberal","No Difference","Liberal","Liberal","No Difference","Liberal","Debt","Immigration",NA
"197","2016","4632088","National","Extremely Important","Extremely Important","Quite Important","Not Very Important","Extremely Important","Quite Important","Not Very Important","Not Very Important","Not Very Important","Extremely Important","Liberal","Liberal","Liberal","Liberal","Liberal","Liberal","Liberal","Liberal","Liberal","Liberal","Refugees","Refugees",NA
"198","2016","4647092","Liberal","Quite Important","Not Very Important","Quite Important","Quite Important","Quite Important","Quite Important","Not Very Important","Not Very Important","Quite Important","Extremely Important","Liberal","No Difference","Liberal","Liberal","Liberal","No Difference","No Difference","No Difference","No Difference","Liberal","Economy","Superannuation",NA
"199","2016","4650238","Liberal","Quite Important","Quite Important","Quite Important","Quite Important","Quite Important","Quite Important","Quite Important","Quite Important","Extremely Important","Extremely Important","Liberal","Liberal","No Difference","No Difference","Liberal","No Difference","No Difference","No Difference","Liberal","Liberal","Superannuation","Economy",NA
"200","2016","4669811","Liberal","Quite Important","Extremely Important","Not Very Important","Not Very Important","Extremely Important","Extremely Important","Not Very Important","Quite Important","Extremely Important","Extremely Important","Liberal","Liberal","No Difference","No Difference","Liberal","Liberal","Liberal","No Difference","Liberal","Liberal","Immigration","Immigration",NA
"201","2016","4734085","Liberal","Quite Important","Extremely Important","Extremely Important","Extremely Important","Extremely Important","Extremely Important","Extremely Important","Extremely Important","Extremely Important","Extremely Important","No Difference","Liberal","No Difference","No Difference","No Difference","Labor","Liberal","Liberal","No Difference","No Difference","Refugees","Superannuation",NA
"202","2016","4765740","Liberal","Quite Important","Quite Important","Extremely Important","Quite Important","Quite Important","Quite Important","Not Very Important","Quite Important","Quite Important","Extremely Important","Liberal","No Difference","Labor","No Difference","Liberal","Labor","No Difference","Labor","Liberal","Liberal","Economy","Health","Coalition"
"203","2016","4829262","National","Quite Important","Not Very Important","Extremely Important","Quite Important","Extremely Important","Extremely Important","Not Very Important","Not Very Important","Quite Important","Extremely Important","Labor","No Difference","No Difference","No Difference","No Difference","No Difference","No Difference","No Difference","No Difference","No Difference","Refugees","Education",NA
"204","2016","4835017","Liberal","Quite Important","Extremely Important","Quite Important","Quite Important","Extremely Important","Quite Important","Not Very Important","Not Very Important","Quite Important","Quite Important","Liberal","Liberal","Liberal","Liberal","Liberal","Liberal","Liberal","Liberal","Liberal","Liberal","Immigration","Economy",NA
"205","2016","4862643","Liberal","Extremely Important","Extremely Important","Extremely Important","Not Very Important","Extremely Important","Extremely Important","Not Very Important","Not Very Important","Extremely Important","Extremely Important","Liberal","No Difference","No Difference","Liberal","Liberal","No Difference","Liberal","Liberal","No Difference","Liberal","Debt","Economy",NA
"206","2016","4867755","Liberal","Extremely Important","Extremely Important","Quite Important","Quite Important","Quite Important","Not Very Important","Quite Important","Not Very Important","Extremely Important","Extremely Important","Liberal","Liberal","Liberal","Liberal","Liberal","No Difference","Liberal","Liberal","Labor","Liberal","Taxation","Immigration",NA
"207","2016","4890902","Liberal","Quite Important","Extremely Important","Quite Important","Quite Important","Extremely Important","Extremely Important","Extremely Important","Quite Important","Quite Important","Extremely Important","Labor","Liberal","No Difference","Liberal","Liberal","No Difference","Liberal","Liberal","Labor","Liberal","Economy","Superannuation",NA
"208","2016","4916206","Liberal","Extremely Important","Extremely Important","Quite Important","Quite Important","Extremely Important","Quite Important","Extremely Important","Not Very Important","Not Very Important","Extremely Important","Liberal","No Difference","Liberal","No Difference","Liberal","Liberal","Liberal","Liberal","No Difference","Liberal","Economy","Immigration",NA
"209","2016","4932339","National","Quite Important","Quite Important","Quite Important","Quite Important","Extremely Important","Quite Important","Extremely Important","Quite Important","Quite Important","Extremely Important","No Difference","Liberal","Labor","No Difference","Liberal","Labor","Liberal","No Difference","Liberal","Liberal","Health","Superannuation",NA
"210","2016","4952539","Liberal","Quite Important","Quite Important","Quite Important","Quite Important","Extremely Important","Extremely Important","Quite Important","Quite Important","Extremely Important","Extremely Important","Liberal","Liberal","Liberal","Liberal","Liberal","Liberal","Liberal","Liberal","Liberal","Liberal","Superannuation","Economy",NA
"211","2016","4970360","National","Quite Important","Quite Important","Extremely Important","Extremely Important","Quite Important","Extremely Important","Extremely Important","Quite Important","Quite Important","Extremely Important","Labor","Labor","Labor","Labor","Labor","Labor","Labor","Labor","Labor","Labor","Environment","Education",NA
"212","2016","5019061","National","Not Very Important","Quite Important","Extremely Important","Extremely Important","Extremely Important","Extremely Important","Quite Important","Extremely Important","Not Very Important","Extremely Important","No Difference","Labor","No Difference","No Difference","No Difference","No Difference","Labor","No Difference","No Difference","No Difference","Education","Environment",NA
"213","2016","5030168","Liberal","Quite Important","Extremely Important","Extremely Important","Quite Important","Extremely Important","Quite Important","Quite Important","Quite Important","Quite Important","Extremely Important","Liberal","Liberal","Liberal","Liberal","Liberal","Liberal","Liberal","No Difference","Liberal","Liberal","Economy","Debt",NA
"214","2016","5033753","Liberal","Extremely Important","Extremely Important","Extremely Important","Quite Important","Extremely Important","Quite Important","Extremely Important","Quite Important","Quite Important","Extremely Important","Liberal","Labor","Labor","Labor","Liberal","No Difference","No Difference","Labor","No Difference","Liberal","Economy","Refugees",NA
"215","2016","5099536","Liberal","Extremely Important","Quite Important","Extremely Important","Not Very Important","Extremely Important","Extremely Important","Extremely Important","Not Very Important","Extremely Important","Extremely Important","Liberal","Liberal","Liberal","Liberal","Liberal","Liberal","Liberal","Liberal","Liberal","Liberal","Economy","Education",NA
"216","2016","5147734","Liberal","Quite Important","Extremely Important","Extremely Important","Quite Important","Extremely Important","Extremely Important","Extremely Important","Not Very Important","Quite Important","Extremely Important","Liberal","Liberal","Liberal","Liberal","Liberal","Liberal","Liberal","Liberal","No Difference","Liberal","Debt","Health",NA
"217","2016","5154392","Liberal","Extremely Important","Extremely Important","Extremely Important","Quite Important","Extremely Important","Quite Important","Extremely Important","Quite Important","Extremely Important","Extremely Important","No Difference","Liberal","Liberal","Liberal","Liberal","Liberal","Liberal","Liberal","No Difference","Liberal","Economy","Education",NA
"218","2016","5158291","Liberal","Quite Important","Extremely Important","Extremely Important","Extremely Important","Quite Important","Quite Important","Extremely Important","Extremely Important","Quite Important","Quite Important","No Difference","No Difference","Labor","Labor","No Difference","No Difference","Liberal","Labor","No Difference","No Difference","Climate","Refugees",NA
"219","2016","5160024","Liberal","Extremely Important","Not Very Important","Quite Important","Quite Important","Extremely Important","Quite Important","Not Very Important","Quite Important","Extremely Important","Extremely Important","Liberal","No Difference","No Difference","No Difference","Liberal","Liberal","No Difference","No Difference","Liberal","Liberal","Debt","Economy",NA
"220","2016","5190995","Liberal","Quite Important","Quite Important","Quite Important","Extremely Important","Quite Important","Extremely Important","Quite Important","Extremely Important","Extremely Important","Extremely Important","Liberal","No Difference","Labor","No Difference","Liberal","Liberal","Liberal","Liberal","No Difference","Liberal","Health","Environment",NA
"221","2016","5197364","Liberal","Quite Important","Extremely Important","Quite Important","Extremely Important","Extremely Important","Quite Important","Quite Important","Extremely Important","Quite Important","Extremely Important","Liberal","Liberal","Liberal","Labor","Liberal","Liberal","Liberal","Labor","Liberal","Liberal","Economy","Superannuation","Coalition"
"222","2016","5220418","Liberal","Quite Important","Extremely Important","Quite Important","Quite Important","Extremely Important","Extremely Important","Quite Important","Not Very Important","Quite Important","Extremely Important","Liberal","No Difference","Liberal","No Difference","Liberal","Liberal","No Difference","No Difference","Liberal","Liberal","Economy","Debt",NA
"223","2016","5246062","National","Quite Important","Quite Important","Quite Important","Quite Important","Extremely Important","Quite Important","Quite Important","Quite Important","Quite Important","Extremely Important","Liberal","Liberal","No Difference","No Difference","Liberal","Liberal","No Difference","No Difference","No Difference","Liberal","Debt","Environment",NA
"224","2016","5258352","Liberal","Quite Important","Extremely Important","Quite Important","Extremely Important","Extremely Important","Quite Important","Extremely Important","Not Very Important","Quite Important","Extremely Important","Liberal","Liberal","Liberal","Liberal","Liberal","Liberal","Liberal","Liberal","Liberal","Liberal","Economy","Debt",NA
"225","2016","5262852","Liberal","Quite Important","Quite Important","Quite Important","Quite Important","Quite Important","Quite Important","Quite Important","Quite Important","Quite Important","Quite Important","Liberal","Liberal","No Difference","No Difference","Liberal","Liberal","No Difference","Labor","Liberal","Liberal","Economy","Debt",NA
"226","2016","5270315","National","Not Very Important","Extremely Important","Not Very Important","Quite Important","Extremely Important","Extremely Important","Quite Important","Not Very Important","Quite Important","Extremely Important","Liberal","Liberal","Liberal","Liberal","Liberal","Labor","Liberal","No Difference","Liberal","Liberal","Economy","Debt","Coalition"
"227","2016","5285619","Liberal","Quite Important","Quite Important","Quite Important","Extremely Important","Extremely Important","Not Very Important","Quite Important","Extremely Important","Quite Important","Extremely Important","Liberal","Liberal","No Difference","No Difference","Liberal","Liberal","Liberal","No Difference","Liberal","Liberal","Debt","Economy",NA
"228","2016","5317723","Liberal","Extremely Important","Extremely Important","Quite Important","Quite Important","Quite Important","Quite Important","Quite Important","Quite Important","Quite Important","Quite Important","Liberal","Liberal","Labor","Labor","Liberal","Liberal","Liberal","Labor","Liberal","Liberal","Refugees","Immigration",NA
"229","2016","5332724","Liberal","Extremely Important","Extremely Important","Extremely Important","Extremely Important","Extremely Important","Extremely Important","Extremely Important","Extremely Important","Extremely Important","Extremely Important","Liberal","Liberal","Liberal","Liberal","Liberal","Liberal","Liberal","Liberal","Liberal","Liberal","Superannuation","Refugees",NA
"230","2016","5335140","Liberal","Extremely Important","Quite Important","Extremely Important","Quite Important","Quite Important","Quite Important","Extremely Important","Quite Important","Quite Important","Quite Important","No Difference","Liberal","Liberal","No Difference","No Difference","Liberal","Liberal","No Difference","No Difference","No Difference","Economy","Taxation",NA
"231","2016","5348394","Liberal","Extremely Important","Extremely Important","Extremely Important","Extremely Important","Extremely Important","Extremely Important","Extremely Important","Extremely Important","Extremely Important","Extremely Important","No Difference","No Difference","No Difference","No Difference","No Difference","No Difference","No Difference","No Difference","No Difference","No Difference","Debt","Health","Coalition"
"232","2016","5376769","Liberal","Quite Important","Extremely Important","Quite Important","Quite Important","Extremely Important","Quite Important","Extremely Important","Quite Important","Extremely Important","Extremely Important","Liberal","Liberal","No Difference","No Difference","Liberal","No Difference","Liberal","No Difference","Liberal","Liberal","Superannuation","Refugees",NA
"233","2016","5400115","Liberal","Not Very Important","Extremely Important","Quite Important","Quite Important","Extremely Important","Quite Important","Extremely Important","Not Very Important","Quite Important","Extremely Important","No Difference","Liberal","Liberal","No Difference","Liberal","No Difference","Liberal","No Difference","No Difference","Liberal","Economy","Superannuation",NA
